12.5,0.111,3.1,19.2,0.029,1.1,0,0.05562,0.00852,0,0.00114
8,0.087,10.9,14.8,0.022,1,0,0.03509,0.03744,0.1154,0.00205
8.4,0.081,6.3,15.1,0.024,1,0.0113,0.2158,0.02995,0.14167,0.00101
10.8,0.09,3.3,13.7,0.026,1.1,0,0.01042,0.02607,0.05136,0.00139
8.7,0.077,3.5,16,0.03,1,0.001,0.14049,0.03864,0.20687,0.00133
7.2,0.075,2.2,19.7,0.03,1.1,0.01854,0.01799,0.02221,0,0.00067
12.5,0.117,2.8,12.7,0.031,1.1,0,0.19914,0.00906,0,0.00156
13.6,0.093,2.9,12.9,0.031,1,0,0.06852,0.02308,0.01147,0.00107
9,0.09,3.1,12.8,0.024,1.1,0,0.06196,0.02983,0.10111,0.00108
11.1,0.084,2.2,16.3,0.028,1,0.01335,0.02912,0.01201,0.04345,0.0005
10.4,0.086,3.5,15.1,0.027,1,0.00023,0.03173,0.0104,0.07028,0.0013
10,0.09,2.5,14,0.023,1,0.01059,0.02347,0.01932,0.07629,0.00086
10.1,0.102,4.1,14.8,0.022,1,0.00741,0.02811,0.01059,0.03633,0.00113
6.6,0.099,1.9,11.9,0.017,1,0,0.01044,0.0201,0,0.00124
9.3,0.075,3.1,14.7,0.03,1,0.03696,0.07409,0.01517,0.14234,0.00053
9,0.09,2.5,13.6,0.028,1,0.01312,0.028,0.02494,0.02629,0.00057
10.2,0.084,2.4,14.9,0.027,1,0.00348,0.03781,0.01365,0.01665,0.00063
8.7,0.075,2.7,15.9,0.025,1,0.00556,0.00706,0.01155,0.03616,0.00055
7.1,0.084,2.6,13.5,0.024,1,0.00342,0.03633,0.02087,0.05689,0.00069
10.9,0.078,2.9,14.9,0.024,1,0.0223,0.01695,0.02966,0.01039,0.00156
7.2,0.069,2.6,15.5,0.022,1.1,0.00879,0.02584,0.01072,0.07967,0.00098
8,0.129,4.5,13.9,0.037,1.1,0,0.0088,0.01355,0,0.00128
7.2,0.087,1.1,11.6,0.021,1,0.01355,0.07339,0.01076,0.01249,0.00056
13.8,0.488,5,16,0.06,1.2,0,0.0104,0.00789,0,0.00106
6.6,0.123,2.6,12.8,0.017,1.3,0.00271,0.02663,0.02093,0.00419,0.00081
7.5,0.072,3.6,14.5,0.024,1.1,0,0.02268,0.00432,0.07307,0.0015
6.4,0.108,3.1,12.5,0.025,1.4,0,0.00778,0.00573,0.05628,0.00131
7.5,0.078,3.5,15,0.022,1.1,0,0.01986,0.01471,0,0.00092
7,0.078,2.1,10.4,0.021,1.2,0,0.0553,0.00703,0.00144,0.00139
7.9,0.113,3.6,15.1,0.029,1.1,0,0.00334,0.02284,0,0.00104
7.1,0.054,3,17.6,0.028,1.1,0,0.06,0.00544,0,0.00108
5.8,0.054,1.8,13.2,0.019,1,0,0.0044,0.00779,0,0.00104
6.8,0.093,2.7,16.5,0.018,1.3,0.01754,0.02706,0.00996,0.11123,0.00094
7.7,0.071,4,19.5,0.029,1.1,0,0.06626,0.01922,0,0.00107
7,0.057,2.8,16.2,0.024,1,0,0.06534,0.00273,0,0.00151
7.3,0.058,3.2,17.5,0.026,1.1,0,0.12625,0.01555,0.05105,0.00075
7.5,0.071,3.7,19.2,0.026,1.1,0,0.05699,0.02877,0.00249,0.00149
8,0.068,3.2,20.8,0.027,1.1,0.00014,0.00768,0.00015,0,0.00062
7.2,0.141,4.4,14.6,0.036,1.2,0,0.00231,0.01502,0,0.00106
6.8,0.087,4.8,13.7,0.035,1.4,0.00062,0.00184,0.01002,0.24551,0.00106
7.1,0.08,3.3,15.8,0.029,1.4,0,0.00529,0.00716,0.01501,0.00114
6.9,0.081,2.5,13.6,0.041,1,0,0.13052,0.00857,0,0.00107
6.9,0.058,3.2,17.7,0.022,1.1,0,0.06158,0.00424,0.06658,0.00115
7.8,0.081,3.1,14.8,0.031,1.1,0,0.02496,0.01092,0,0.00099
7.6,0.064,3.3,18.7,0.027,1.1,0,0.01712,0.01683,0.07664,0.00148
8,0.102,4,24.7,0.029,1.1,0,0.01049,0.00773,0,0.00189
7.1,0.075,3.5,15.6,0.033,1.1,0,0.02076,0.00558,0,0.00118
6.7,0.08,3.5,16.8,0.027,1.4,0.00316,0.11095,0.00702,0.02594,0.00118
5.6,0.096,1.5,10.2,0.014,1.2,0,0.05397,0.00817,0,0.00135
7.4,0.083,3.9,15.6,0.027,1,0.00734,0.02417,0.01572,0,0.00101
7.8,0.132,4.3,16.4,0.028,1.3,0,0.005,0.02219,0.43226,0.00129
5.1,0.165,2,10.1,0.014,1.4,0,0.0063,0.0096,0,0.00113
6.9,0.066,3.2,16.9,0.028,1.1,0.00354,0.21481,0.02091,0.06027,0.00145
7,0.093,3.2,13.2,0.023,1.1,0,0.00957,0.01127,0,0.00101
6,0.122,3.1,10.1,0.02,1.1,0,0.01178,0.02864,0,0.00166
5.9,0.087,2.5,10.5,0.024,1,0,0.03573,0.02451,0,0.00135
7.4,0.077,3.4,21.6,0.024,1.1,0,0.05752,0.02025,0.04763,0.00125
7.7,0.064,4,18.4,0.028,1.3,0,0.08,0.02168,0.00933,0.00156
6.5,0.061,3.5,20.2,0.021,1.1,0,0.04382,0.00547,0.04061,0.00064
7.3,0.096,2.7,13.8,0.026,1,0,0.02936,0.01109,0,0.00095
7.3,0.068,3.1,19.5,0.026,1.1,0.00381,0.02465,0.01371,0.05377,0.00062
5.8,0.064,3.4,17.7,0.023,1.4,0,0.00812,0.013,0,0.00075
7,0.079,2.4,13.7,0.025,1.1,0.00092,0.0056,0,0,0.00116
6,0.096,2.3,12.2,0.016,1.3,0,0.00882,0.01311,0,0.00138
7.3,0.08,4.2,18,0.029,1.1,0,0.04454,0.02009,0.02059,0.00202
6.3,0.071,2.5,13.2,0.023,1.1,0,0.01409,0.01732,0.02598,0.00045
7.6,0.095,2.1,17.2,0.028,1.2,0,0.048,0.01537,0,0.00108
8.1,0.078,3.1,17.9,0.028,1.1,0,0.07329,0.00173,0.03867,0.00142
7.5,0.078,2.8,12.7,0.014,1,0,0.02284,0.01203,0,0.00119
7.6,0.078,2.8,15,0.025,1,0,0.03663,0,0,0.00115
6.5,0.093,3.1,17.8,0.023,1.2,0,0.00897,0.02676,0.02802,0.00049
6.4,0.058,3,15.8,0.024,1.2,0,0.01634,0.01703,0,0.00136
7.2,0.08,3.3,17.5,0.026,1.1,0.00165,0.05675,0.01251,0.01408,0.00116
8.3,0.093,3,16.4,0.023,1.2,0,0.01017,0.01524,0.00964,0.00126
7,0.064,4.6,14.8,0.027,1.4,0,0.0034,0.01343,0.15503,0.00107
8.4,0.09,13,15,0.08,1.2,0.00036,0.10152,0.00949,0.0949,0.00121
6.7,0.103,3.2,13.8,0.021,1.2,0,0.05153,0.00909,0.02184,0.00116
6.8,0.061,2.7,14.2,0.024,1.1,0,0.01342,0.01458,0.02922,0.00073
7.1,0.064,3.9,17.3,0.03,1.1,0,0.00569,0.0444,0.07354,0.00137
7,0.077,2.6,12.2,0.026,1.2,0,0.02074,0.01737,0.05757,0.00076
7,0.097,4.4,16.3,0.03,1.1,0.00403,0.01347,0.02875,0.15256,0.00146
7.4,0.071,2.2,15.1,0.025,1.1,0,0.07145,0.01557,0.06796,0.00131
7.1,0.077,2.2,11.1,0.025,1.1,0.02443,0.08551,0.02731,0.02038,0.0016
18,0.096,3.3,14.1,0.022,1,0,0.05003,0.01233,0,0.00068
8.3,0.074,2.6,16.2,0.026,1.2,0,0.0178,0.01021,0.01664,0.00059
7,0.061,2.9,14.6,0.021,1.1,0,0.0056,0.02981,0.00645,0.0012
7.6,0.1,5.2,15.1,0.028,1,0.00397,0.01651,0.0089,0.1639,0.00134
7.1,0.065,3.1,14,0.024,1.1,0,0.06932,0.01075,0.13495,0.00115
7.3,0.082,2.5,14.1,0.02,0.9,0,0.02493,0.00148,0.01916,0.00128
8.7,0.122,3.4,11.7,0.028,1.1,0,0.12775,0.02374,0.00921,0.00055
6.9,0.058,2.2,14.5,0.021,1.2,0,0.03733,0.00507,0.01223,0.00079
7,0.103,3.2,12.8,0.029,1.1,0,0.01857,0.01524,0.00824,0.00132
8.6,0.076,3.8,12,0.029,1.1,0,0.04461,0.01262,0,0.00139
7.3,0.08,2.6,13.5,0.033,1.2,0,0.01713,0.0266,0,0
7.2,0.074,3,13.9,0.024,1.1,0,0.03705,0.01985,0.17982,0.00097
8,0.071,3.1,16.8,0.031,1.1,0,0.04507,0.01406,0,0.00089
6.1,0.074,2.2,13.9,0.021,1.1,0.00252,0.09237,0.01607,0,0.00142
7.7,0.102,3,14.2,0.024,1.1,0,0.14553,0.00238,0.04705,0.00099
7.9,0.076,4.9,16.6,0.039,1.1,0.00721,0.00741,0.01821,0.11863,0.001
7.5,0.09,3.1,13.7,0.033,1.3,0.02492,0.00405,0.02023,0.00633,0.00123
8.3,0.097,3.2,10,0.048,1.1,0,0.12981,0.01431,0.09897,0.001
7.6,0.058,2.8,14.6,0.019,1,0,0.01093,0.0014,0.0114,0.00202
8.9,0.097,3.4,11.2,0.052,1.1,0,0.04496,0.01509,0.01909,0.00143
7.7,0.107,3.2,10.3,0.039,1.3,0.00012,0.00554,0.01891,0.18011,0.00203
8.5,0.104,4.4,11.3,0.036,1.1,0.00277,0.02394,0.01286,0.08452,0.00129
5.6,0.061,2.2,10.6,0.016,1.1,0.01128,0.08128,0.0257,0,0.00101
8.1,0.114,3.1,11,0.056,1.3,0.00542,0.024,0.02014,0.05778,0.00106
8,0.086,3.3,13.9,0.028,1.1,0,0.00885,0.01228,0.04969,0.0013
6.5,0.084,2.7,11.4,0.02,1.1,0.01326,0.05534,0.02696,0.00132,0.00122
7.8,0.074,3.7,14.8,0.026,1.2,0,0.00564,0.02129,0.10277,0.00094
8,0.107,3.4,11.6,0.043,1.1,0,0.10878,0.01121,0,0.00102
7.2,0.083,3.8,16.7,0.031,1.1,0,0.01323,0.01566,0.11277,0.00093
7.9,0.084,4.1,11.8,0.035,1.1,0.00232,0.03989,0.009,0.07782,0.00086
6.5,0.064,1.8,12.8,0.021,1.1,0.00452,0.08232,0.0179,0.02588,0.00144
8.2,0.09,3.9,17.1,0.03,1.1,0.00448,0.00616,0.01172,0.02701,0.00126
8.6,0.138,3.9,11.3,0.036,1.4,0,0.08489,0.0174,0.03855,0.00123
8.1,0.1,3.6,9.6,0.033,1.2,0.00112,0.1,0.00772,0.04578,0.00118
8.1,0.093,3.7,11.8,0.032,1.2,0,0.00996,0.01884,0.04141,0.00105
7.4,0.084,3.3,13,0.029,1.2,0,0.02969,0.0277,0.10136,0.00053
6.4,0.087,2.3,12.4,0.017,1.1,0.00077,0.0251,0.02573,0,0.00165
7.2,0.166,3.7,14.7,0.028,1.4,0.01609,0.11527,0.02408,0,0.00096
7.3,0.074,2.5,14.8,0.019,1.1,0.00146,0.00428,0.02353,0,0.00114
7,0.103,3.9,13.6,0.03,1.1,0,0.00666,0.02568,0,0.00138
7.4,0.076,3.2,13.3,0.028,1.1,0,0.08983,0.00822,0.0107,0.00167
7.9,0.074,3.5,13.2,0.029,1.2,0.00041,0.00167,0,0,0.00029
7.4,0.156,3.6,9.2,0.039,1.3,0,0.0235,0.0123,0.09412,0.00131
9.3,0.114,3.4,16.4,0.029,1.2,0.0254,0.05026,0.00598,0,0.00134
7.5,0.097,4,16.2,0.026,1.2,0,0.05173,0.0211,0,0.00095
8.3,0.076,3.4,12.6,0.029,1,0.0083,0.05995,0.01059,0.11089,0.00113
12.5,0.114,3.9,11.4,0.029,1,0,0.02184,0.02024,0,0.00134
8.2,0.076,2.4,11.3,0.038,1.1,0.00246,0.06614,0.00575,0.11453,0.00123
7.8,0.1,5,17.8,0.032,1.1,0,0.02271,0.01267,0.03631,0.00093
8.1,0.107,3.5,12,0.032,1.2,0,0.05698,0.02029,0.00653,0.00109
7,0.079,3.6,12.2,0.033,1.3,0,0.05107,0.01629,0.02717,0.00178
8.2,0.104,4.6,14.1,0.043,1.2,0,0.00033,0.02219,0.00559,0.00121
5.7,0.048,2.3,10.6,0.021,1.1,0,0.00495,0.01622,0.00327,0.00044
7.1,0.083,3.5,13.5,0.028,1.2,0,0.01596,0.01393,0.12033,0.00077
8.2,0.097,3.2,10.4,0.046,1.2,0,0.10354,0.03923,0.08358,0.00129
8.4,0.114,3.5,14.9,0.028,1.2,0,0.02667,0.01892,0,0.00118
7.4,0.097,3.2,11.6,0.03,1.3,0,0.00757,0.01915,0,0.00076
7.1,0.069,3.6,17,0.029,1,0,0.01668,0.01972,0,0.00107
7.1,0.079,3.7,12.6,0.03,1.3,0,0.00986,0.01581,0.14435,0.00086
7.5,0.076,2.8,10.9,0.046,1.2,0.00087,0.03625,0.01273,0,0.00111
8.3,0.09,1.5,65.5,0.029,1.1,0,0.02798,0.00914,0,0.00074
7.4,0.093,3.4,12.9,0.045,1.1,0.00439,0.10456,0.00851,0.09021,0.00093
8.6,0.114,4,16.3,0.077,1.2,0,0.15595,0.01384,0,0.00151
8.7,0.106,4.3,13.8,0.043,1.1,0,0.03339,0.01061,0.04116,0.00047
7.2,0.118,4.6,15.4,0.036,1.3,0,0.00158,0.0196,0.09853,0.00095
7.5,0.093,3.5,16.7,0.026,1.2,0.00052,0.01152,0.00942,0.02224,0.00131
7.2,0.084,1.9,11.4,0.027,1,0,0.03641,0.02085,0.32054,0.00126
7.6,0.097,3.5,14.4,0.032,1.2,0.00685,0.01846,0.01656,0.01584,0.00075
7.8,0.142,4.2,15.1,0.042,1.3,0.0034,0.03652,0.01546,0,0.0012
7.4,0.086,2.9,10.6,0.032,1.2,0,0.04162,0.01335,0,0.00093
11.5,0.124,5.2,12,0.061,1.2,0.03518,0.006,0.01652,0.04682,0.00099
7.6,0.076,4.6,15.2,0.034,1.2,0.00077,0.026,0.00654,0.04506,0.00118
9.4,0.116,4.1,12.1,0.098,1.1,0,0.02504,0.01791,0.07548,0.00091
9.6,0.18,4.8,13,0.047,1.3,0,0.04894,0.02005,0.0901,0.00117
7.8,0.083,2.7,13.2,0.026,1.2,0.00485,0.02042,0.00491,0.12881,0.00077
7.6,0.108,2.1,48.8,0.04,1,0,0.08677,0.00312,0,0.00087
7.4,0.093,3,11.9,0.029,1.1,0,0.01673,0.03277,0.11741,0.00179
8.9,0.087,3.2,11.2,0.046,1,0,0.04785,0.01127,0.01268,0.00028
6.7,0.058,2.6,13,0.025,1,0.01528,0.05448,0.01699,0,0.00157
8.2,0.128,4.8,15.9,0.036,1.3,0.00206,0.02351,0.0037,0.14382,0.00138
8.1,0.128,3.8,10.9,0.033,1.4,0,0.01323,0.01474,0.22995,0.00079
8,0.083,2.8,12.2,0.036,1.1,0.00202,0.00806,0.0212,0.0598,0.00137
6.2,0.068,3.3,13,0.019,1.1,0.00519,0.0569,0.02266,0.03911,0.00104
7.1,0.128,3.5,13.8,0.027,1.5,0,0.01402,0.01367,0.08551,0.0015
5.7,0.068,1.9,10,0.018,1.1,0.00136,0.05351,0.0384,0,0.00116
7.3,0.106,2.9,15.1,0.025,1.2,0,0.05761,0.00012,0.03837,0.00127
8.7,0.097,3.5,11.5,0.056,1.2,0.00098,0.09213,0.01538,0.02574,0.00139
7.9,0.131,4.9,13.6,0.031,1.4,0,0.02511,0.02208,0.09332,0.00069
7.4,0.086,3.3,15.8,0.026,1.2,0.00034,0.014,0.01075,0.144,0.00056
6.5,0.086,3.5,12.6,0.022,1.4,0.0328,0.00915,0.0184,0.14632,0.0015
9.8,0.084,6.4,20.4,0.035,1,0,0.12627,0.0146,0,0.00155
7.3,0.123,3,12.3,0.03,1.3,0,0.032,0.01347,0.148,0.00125
10.1,0.107,3.5,11.7,0.051,1.1,0,0.01796,0.0251,0.10878,0.00081
6.3,0.034,2.8,10.9,0.018,1.2,0.00218,0.01711,0.031,0,0.00166
6.9,0.104,4.1,21,0.028,1.2,0,0.01984,0.0082,0.13736,0.00068
7.8,0.079,3.8,11.3,0.037,1.2,0,0.0319,0.01297,0.05789,0.00088
8,0.107,3.3,11.3,0.031,1.2,0,0.04095,0.012,0.01359,0.00135
6.7,0.058,3.1,10.7,0.025,1,0,0.01483,0.002,0,0.00136
8.7,0.105,4.8,10.4,0.034,1.1,0,0.14072,0.02107,0.09259,0.00106
7.9,0.083,3.2,13.2,0.027,1.2,0,0.01375,0.02172,0.14471,0.00069
7,0.08,3.2,17.1,0.024,1,0.01454,0.06943,0.01643,0.03877,0.00149
8.8,0.079,3.8,10,0.036,1.1,0,0.0906,0.02016,0,0.00075
8.5,0.121,3.9,15,0.029,1.1,0.01074,0.01636,0.01604,0,0.00142
10,0.131,4.1,10.8,0.052,1.1,0,0.048,0.0343,0.13404,0.00119
7.3,0.121,2.9,14.2,0.028,1.1,0,0.0088,0.01376,0.0137,0.00168
8,0.09,3.1,13,0.026,1.2,0,0.04116,0.01601,0.07894,0.00104
10.1,0.1,4.5,12.3,0.049,1.2,0,0.20636,0.01314,0,0.00106
7.3,0.071,2.3,11.6,0.029,1.1,0,0.01153,0.00214,0,0.0017
7.9,0.104,3.4,12.1,0.025,1.2,0,0.01686,0.01513,0.08977,0.00093
8.3,0.121,3.3,13.5,0.031,1.4,0.00345,0.01159,0.01685,0.12994,0.00043
7,0.08,2.2,12.6,0.021,1.2,0.0033,0.09297,0.03032,0.07681,0.00106
7.8,0.159,4,14.8,0.031,1.4,0.01445,0.00624,0.01379,0.13597,0.00088
8.6,0.072,3.8,10.3,0.053,1,0,0.13019,0.01823,0,0.00093
7.6,0.111,3.8,13,0.023,1.3,0.00265,0.0283,0.01689,0.07212,0.00092
7.4,0.1,3.8,16,0.031,1.1,0,0.00446,0.01229,0,0.00161
7.8,0.152,3.9,14.2,0.032,1.2,0,0.01173,0.01534,0.08148,0.00164
9.2,0.104,4,12.6,0.044,1.1,0.00086,0.0098,0.00345,0,0.00027
4.4,0.068,1.8,48.8,0.022,1,0,0.02067,0.02179,0.02637,0.00124
10.7,0.093,3.6,11.3,0.046,1,0,0.08261,0.01985,0,0.00133
6.9,0.084,2.4,11.8,0.019,1.1,0,0.04777,0.02262,0.0456,0.00121
7.6,0.129,3.6,12.9,0.024,1.1,0.00312,0.0146,0.01701,0.02104,0.00096
7.9,0.104,4.8,11.1,0.045,1.2,0,0.00852,0.01386,0.08166,0.00092
8.1,0.09,4,10.1,0.045,1.1,0.0048,0.092,0.00461,0.05396,0.00028
9.9,0.114,4.3,11.4,0.056,1,0,0.13323,0.00588,0.05674,0.00045
8.9,0.1,3.7,11.9,0.041,1.1,0,0.00911,0.01658,0.12299,0.00067
7.1,0.093,3.7,15.4,0.028,1.1,0,0.01273,0.00965,0,0.0016
8.5,0.104,4.2,10.1,0.049,1.1,0,0.16433,0.01243,0.13456,0.00127
11.9,0.072,3.1,11.6,0.037,1,0,0.1848,0.01434,0.08517,0.00178
7.8,0.104,3.3,14.2,0.022,1.1,0,0.04677,0.01467,0.02722,0.00101
7.5,0.14,3.9,13.1,0.027,1.5,0.0021,0.00343,0.01485,0,0.00197
6.8,0.065,3.1,10.8,0.031,1.1,0.00602,0.0525,0.0201,0.07109,0.00099
8.8,0.083,3.8,11,0.044,1.1,0,0.18455,0.01347,0.10662,0.00138
8,0.097,3.5,13.7,0.021,1.1,0,0.05574,0.01502,0.11911,0.00103
8.3,0.065,3.4,11.1,0.034,1,0.01692,0.14086,0.00734,0,0.00186
8.3,0.112,3.4,12.4,0.024,1.1,0.02096,0.05741,0.0146,0.09896,0.00091
8.4,0.075,2.7,14.3,0.028,1,0,0.17844,0.01703,0.04609,0.00188
9.5,0.093,3.8,11.6,0.035,1,0,0.1,0.01259,0.03411,0.00123
7.2,0.074,2.5,14.4,0.022,1,0.00098,0.10701,0.01896,0,0.00125
7.5,0.101,3.4,14.4,0.023,1.1,0.00117,0.00529,0.02002,0.07658,0.00056
7.4,0.093,3.7,13,0.028,1.2,0,0.02029,0.01089,0.07137,0.00093
7.8,0.077,2.9,13.2,0.026,1,0,0.052,0.00522,0,0.00093
7.3,0.074,3.9,33,0.028,1.1,0.00075,0.056,0.00143,0,0.00106
8.3,0.104,4.8,11.5,0.051,1.2,0.00774,0.1047,0.02244,0.07089,0.00056
7.4,0.069,4.4,9.6,0.036,1.1,0.00415,0.03909,0.01715,0.0346,0.00109
7.8,0.087,2.6,40,0.027,1.1,0.00624,0.1052,0.00535,0.01874,0.00102
8.2,0.132,4.5,12.5,0.025,1.3,0,0.00633,0.01566,0,0.00118
9.6,0.176,5.1,12.3,0.072,1.3,0.0014,0.00828,0.00238,0.00003,0.00029
7.1,0.109,2.9,14.2,0.02,1.3,0,0.03324,0.01359,0.09424,0.00145
7.9,0.075,2.6,11.8,0.028,1.1,0,0.12,0.01171,0.04105,0.00153
8.6,0.08,2.3,13.1,0.03,1,0.00213,0.0011,0.03434,0,0.00058
7.6,0.164,3.5,13.9,0.03,1.1,0.03588,0.07444,0.00894,0.1116,0.00129
7.8,0.117,4.1,13.6,0.031,1.2,0.00292,0.00458,0.03494,0.03863,0.00096
7.9,0.072,2.6,14.8,0.025,1,0,0.04087,0.01873,0.08827,0.00141
8.2,0.121,4.4,15,0.035,1.2,0.01573,0.01339,0.00556,0,0.00131
8.8,0.09,3.9,11.3,0.031,1.1,0.01303,0.13294,0.012,0.05115,0.00122
7.3,0.081,2.5,12.2,0.026,1.1,0.00551,0.04347,0.0023,0,0.00169
10.9,0.118,4.6,12,0.045,1.1,0,0.16828,0.00722,0.07926,0.00169
8.6,0.093,1.9,62.3,0.032,1,0.00072,0.11,0.02309,0.00161,0.00114
8.2,0.145,3.8,11.8,0.028,1.1,0.02834,0.00865,0.00903,0.07502,0.00131
8.7,0.128,4.7,10.9,0.033,1.2,0,0.03146,0.01307,0.13667,0.00148
7,0.09,3.5,13.5,0.026,1.2,0.00131,0.07258,0.02946,0,0.00087
9.2,0.114,3.8,12.1,0.045,1.1,0.00883,0.1374,0.00798,0.13611,0.00132
7.9,0.075,3.2,12.7,0.022,1.1,0,0.01734,0.0152,0.00333,0.00117
6.6,0.074,3.6,19.1,0.026,1.1,0.01608,0.02675,0,0.03228,0.00127
9.6,0.093,3.2,11.9,0.033,1,0.01041,0.04608,0.01262,0.04683,0.00069
7.9,0.075,3.1,16.8,0.03,1.1,0.00402,0.01059,0.00952,0.03146,0.00143
8.2,0.097,9.2,11.2,0.036,1.3,0.00352,0.01368,0.02579,0.00301,0.00054
7.6,0.087,2.1,63.4,0.03,1.1,0.01728,0.06847,0.01239,0.00666,0.00095
6.4,0.121,2.7,11.6,0.03,1.3,0.02161,0.00387,0.00163,0.05396,0.00165
10.2,0.107,4.5,12.4,0.058,1.1,0,0.11463,0.00619,0.07749,0.00143
7.3,0.1,3.7,15.6,0.042,1.2,0.004,0.034,0.0212,0.01,0.0008
9.2,0.086,3.8,11.7,0.051,1.1,0.01042,0.12,0.00982,0.13432,0.00166
8.4,0.074,3.7,13,0.035,1,0.00371,0.03138,0.0393,0.03469,0.00057
7.8,0.068,3.2,12.9,0.022,1.2,0,0.10264,0.01572,0.04254,0.00153
7.8,0.078,3.7,13.7,0.022,1.1,0,0.14663,0.01464,0.22837,0.0006
8.1,0.092,2.8,15.1,0.131,1.2,0.002,0.004,0.0296,0.01,0.0008
7.5,0.1,2.9,16.6,0.07,1.2,0.01,0.013,0.032,0.01,0.0004
8.5,0.114,3.5,15.9,0.029,1.3,0.00227,0.046,0.00888,0.04821,0.00156
7.9,0.135,3.5,13.3,0.036,1.5,0.00117,0.0009,0.01349,0.03923,0.00156
7.5,0.12,3.2,13.3,0.018,1.2,0,0.00414,0.02783,0.03881,0.00136
8.2,0.122,3.8,11.1,0.042,1.3,0.00049,0.00442,0.03592,0,0.00061
7.7,0.097,3,13.3,0.022,1.2,0,0.0174,0.01551,0,0.00181
7.4,0.072,2.9,18.8,0.041,1.1,0,0.05731,0.01585,0,0.0015
7.1,0.107,3.3,14.1,0.028,1.3,0,0.01178,0.00924,0,0.00132
7.9,0.137,3.1,12.2,0.038,1,0.0006,0.07,0.01693,0.04825,0.00029
8.3,0.114,4.5,13.6,0.063,1.2,0.002,0.022,0.0204,0.01,0.0004
7.2,0.071,2.5,17,0.029,1.1,0,0.06194,0.03705,0,0.00045
8.3,0.1,2.4,14.9,0.058,1.2,0.01,0.012,0.031,0.01,0.0004
7.9,0.093,2.2,16,0.03,1.2,0,0.12175,0.00658,0.0275,0.00153
8.2,0.126,2.9,19,0.032,1.1,0,0.13353,0.01701,0.1003,0.00064
8.8,0.122,3.7,14.3,0.065,1.2,0.01,0.062,0.0302,0.01,0.0004
9,0.098,3.4,12,0.118,1.2,0.01,0.134,0.023,0.01,0.0008
7.9,0.09,4.7,13,0.037,1.1,0.0025,0.01271,0.02035,0,0.00167
7.2,0.096,3.2,15.7,0.026,1.3,0,0.04646,0.00863,0.12095,0.00057
8.2,0.084,3.8,17,0.027,1.1,0,0.10343,0.02057,0.10516,0.00125
8.1,0.084,3,16.3,0.031,1.1,0,0.19638,0.00481,0,0.00176
6.2,0.068,2.5,8.1,0.028,1.1,0,0.01014,0.02049,0.20069,0.00055
8.4,0.118,3.5,13.5,0.056,1.2,0.01,0.044,0.0202,0.01,0.0004
7.2,0.138,3.2,12.4,0.033,1.5,0,0.0032,0.01499,0,0.00127
7.1,0.074,2.2,15.2,0.026,1.1,0.01067,0.07733,0.01767,0,0.00078
7.5,0.108,3.4,15,0.028,1.1,0.00542,0.0494,0.0218,0.04921,0.00073
6.8,0.065,3,11.8,0.023,1.1,0,0.03108,0.00819,0.07293,0.00062
7.6,0.071,2.5,12.5,0.034,1,0,0.00866,0.02494,0,0.00045
7.8,0.128,3.2,16.8,0.064,1.2,0.002,0.096,0.019,0.01,0.0008
7.6,0.138,2.9,11.8,0.033,1.5,0.00068,0.00376,0.0044,0,0.00122
7.6,0.082,3.8,15.3,0.043,1.1,0.01,0.046,0.024,0.01,0.0004
7.5,0.121,2.5,13.3,0.027,1.4,0,0.00348,0.01158,0,0.00121
9.4,0.114,5.1,16.1,0.03,1.4,0.00086,0.01071,0.03015,0,0.00125
9.6,0.084,4,14,0.061,1.2,0.002,0.02,0.033,0.01,0.0004
6.3,0.068,2.7,11.5,0.017,1.1,0,0.04392,0.00878,0.05807,0.00158
6.8,0.087,3.4,15.2,0.025,1.2,0,0.0358,0.01534,0,0.00052
11.8,0.164,4,12.9,0.066,1.2,0.004,0.024,0.0204,0.01,0.0008
10.8,0.116,4.1,12.9,0.066,1.2,0.006,0.136,0.0334,0.01,0.0004
7.1,0.097,3.3,13.6,0.02,1.4,0,0.00598,0.01324,0.11738,0.00145
8.5,0.106,4.1,13.3,0.085,1.2,0.006,0.282,0.0294,0.016,0.0006
8,0.074,3.6,16.4,0.055,1.1,0.01,0.096,0.039,0.01,0.0006
8.2,0.082,3.8,14.3,0.051,1.2,0.004,0.146,0.03,0.014,0.0008
9.5,0.081,2.6,11.2,0.031,1.2,0.00037,0.117,0.01431,0.14256,0.00142
7.2,0.072,2.9,13.1,0.022,1.3,0,0.00734,0.03428,0.06596,0.00129
8.4,0.074,3.1,15.4,0.105,1.2,0.008,0.096,0.022,0.012,0.0004
8.5,0.066,3.2,17.5,0.049,1.1,0.01,0.074,0.0194,0.01,0.0008
8.6,0.11,3.3,15.7,0.028,1.2,0.01581,0.09762,0.02345,0.15114,0.00101
8.5,0.078,3.2,15.3,0.027,1.1,0,0.02226,0.01781,0.22045,0.00135
7.7,0.078,2.8,12.5,0.024,1.1,0,0.04709,0.00429,0.19187,0.0018
8,0.09,2.7,14.4,0.02,1.3,0,0.03621,0.02211,0,0.00065
7.7,0.065,2.7,15.3,0.024,1.1,0.01217,0.0168,0.01119,0.21835,0.00034
8.2,0.084,3.3,15.1,0.025,1.1,0.00992,0.02995,0.01513,0.1162,0.00126
9.1,0.56,3.7,15.8,0.05,1.2,0,0.04332,0.01025,0.02909,0.00137
8.2,0.074,2.1,11.8,0.039,0.9,0,0.02506,0.01433,0,0.00167
7.4,0.09,3.2,16.1,0.025,1,0,0.02733,0.01124,0.00412,0.00074
8.7,0.152,4.2,14.9,0.038,1.4,0,0.02569,0.0155,0,0.00141
7.6,0.072,2.7,12.8,0.025,1.1,0,0,0.01334,0,0.00164
7.6,0.09,1.8,14.7,0.024,1,0.00489,0.076,0.02154,0.02251,0.00073
8,0.089,3.5,11.8,0.03,1.1,0,0.08858,0.01223,0.08025,0.00053
8,0.065,2.6,14.4,0.026,1,0.00632,0.09831,0.0273,0.37222,0.00147
7.9,0.087,2.4,15.5,0.021,1.2,0.00126,0.02891,0.02686,0,0.00137
7.6,0.128,2.5,12,0.022,1.2,0.01523,0.0218,0.01343,0.22831,0.00133
7.7,0.071,2.3,11.7,0.031,1.1,0.01204,0.078,0.00987,0.06598,0.00169
7.6,0.095,4.2,15.7,0.037,1.2,0,0.07942,0.00377,0,0.00124
8,0.111,3.8,15,0.049,1.4,0,0.00358,0.01354,0,0.00129
8.2,0.081,2.4,11.1,0.06,1.4,0.01538,0.0817,0.03163,0.30489,0.00225
7.7,0.075,2.1,12.2,0.029,1.2,0,0.0108,0.01863,0.01969,0.0014
9.6,0.104,3.4,13,0.034,1.1,0,0.1376,0.02179,0.08479,0.00048
8.7,0.181,3.7,13.5,0.026,1.4,0,0.004,0.03043,0.06336,0.00162
6.5,0.062,2.1,11.1,0.018,1.1,0,0.06632,0.01771,0.00363,0.00128
8.4,0.143,4.8,16.9,0.031,1.3,0.00397,0.03118,0.02259,0.06543,0.00143
9.8,0.17,3.3,11.2,0.024,1.3,0.00108,0.16999,0.00994,0,0.00145
8.6,0.117,4.7,14.6,0.023,1.1,0,0.05915,0.01635,0.08975,0.00088
10.1,0.121,3.5,16.2,0.043,1.2,0.00239,0.13669,0.01107,0.00931,0.00129
8.8,0.165,3.8,14.6,0.025,1.4,0.0203,0.0646,0.0109,0.41039,0.00166
7.9,0.093,3.4,15.8,0.028,1.2,0.00106,0.03024,0.01453,0.04718,0.00105
8.7,0.253,3.6,13,0.023,1.3,0,0.02512,0.00739,0.07043,0.00224
7.4,0.087,3.9,11.9,0.049,1,0.02482,0.13371,0.01698,0,0.00134
8.7,0.088,1.9,14.2,0.022,1.1,0,0.08401,0.0158,0.04814,0.00134
9.8,0.163,3.9,12.4,0.025,1.3,0,0.07708,0.00602,0.0377,0.00154
7.2,0.102,3.1,14.4,0.026,1.2,0.00807,0.01129,0.03373,0,0.00209
8.4,0.079,3.9,10.3,0.031,1.1,0,0.07721,0.01772,0.03724,0.00118
9.5,0.101,2.9,16.5,0.026,1.1,0,0.03658,0.03018,0,0.0012
6.7,0.061,1.8,12,0.019,1,0,0.02905,0.01417,0,0.0011
9,0.081,2.2,11.4,0.038,1.1,0.00504,0.16474,0.01506,0.10063,0.00123
6.7,0.107,3.2,8.9,0.022,1.2,0,0.004,0.01458,0.00759,0.00115
7.2,0.078,2,10.5,0.023,1.1,0,0.06667,0.02736,0.07374,0.00155
9.9,0.107,4.2,12.2,0.035,1.1,0.00038,0.05124,0.02007,0.08571,0.00065
7.3,0.081,2.6,14.3,0.024,1.1,0,0.03473,0.02235,0,0.00088
8.2,0.1,2.1,14.2,0.029,1,0,0.01083,0.01994,0,0.00145
8.5,0.075,2.5,13,0.022,1.1,0.01239,0.10602,0.03028,0.054,0.00158
6.5,0.08,2.2,12.1,0.019,1.1,0,0.00183,0.01574,0,0.00147
5.2,0.055,2.5,10.3,0.018,1.1,0.0006,0.05016,0.01754,0.01561,0.00145
9.8,0.083,2.8,14.6,0.033,1,0.00025,0.19917,0.01233,0.10324,0.0005
6.8,0.093,2.9,13.3,0.026,1.1,0,0.0038,0.02974,0,0.00087
8.4,0.065,2.3,16.4,0.023,1,0,0.05087,0.01668,0.10272,0.00081
6.3,0.074,1.5,11.1,0.017,1.1,0,0.00825,0.0198,0,0.00169
10.2,0.145,4.6,11.9,0.044,1.1,0,0.32175,0.0178,0.11982,0.00067
7,0.084,1.9,13.8,0.024,1.1,0,0.02467,0.0162,0,0.00116
7.8,0.09,2.8,12.1,0.034,1.1,0,0.08389,0.02551,0,0.00126
9.6,0.142,3.8,13.3,0.032,1.2,0,0.122,0.0173,0.07678,0.00031
8.4,0.093,3.8,13.6,0.031,1.2,0,0.02716,0.01222,0.10398,0.0005
8.4,0.078,2.5,13.3,0.031,1,0,0.10784,0.0169,0,0.00137
7.4,0.109,2.5,14.5,0.024,1.3,0.0001,0.02135,0.00999,0,0.00143
12.2,0.101,4.5,14.6,0.026,1.2,0.00194,0.02234,0.02364,0.1153,0.00171
9.1,0.09,3.4,11.2,0.03,1.2,0,0.07573,0.01438,0.00636,0.0006
7.4,0.107,4.8,10.3,0.035,1.3,0,0.036,0.01663,0.11474,0.0006
8.6,0.097,3.2,17.6,0.025,1.1,0.00128,0.04694,0.01593,0.02004,0.00143
9.5,0.116,2.8,13.3,0.028,1,0,0.0274,0.00074,0,0.00127
7.5,0.084,2.9,14.3,0.042,1.3,0.004,0.0064,0.032,0.01,0.0006
7.3,0.087,2.3,14.6,0.021,1,0,0.048,0.01442,0,0.0017
10.7,0.118,4.3,12.1,0.043,1.1,0,0.14738,0.01573,0,0.00074
7.7,0.117,3.3,16,0.023,1.1,0.00158,0.01003,0.01205,0,0.00155
10.4,0.183,3.2,9.6,0.043,1.2,0,0.06641,0.01884,0.08413,0.00053
9,0.11,3.7,16.6,0.06,1.2,0.004,0.21,0.0212,0.01,0.0012
9.2,0.12,3.3,14.2,0.066,1.1,0.004,0.248,0.0248,0.01,0.001
7.1,0.094,2,11.8,0.021,1,0,0.17733,0.0065,0,0.00141
8.2,0.145,4.3,10.8,0.031,1.3,0,0.10811,0.01452,0.09883,0.00048
10.1,0.111,3.8,13.4,0.033,1.2,0,0.07457,0.01035,0.08374,0.00073
8.8,0.084,3.2,15.2,0.025,1.1,0.01232,0.26991,0.01805,0.5899,0.00154
7.8,0.09,4.3,12.7,0.042,1.1,0,0.05596,0.00969,0,0.0014
8.7,0.09,3.2,15.4,0.054,1.1,0.004,0.106,0.0264,0.01,0.0008
10.6,0.122,4.2,14.4,0.053,1.2,0.004,0.04,0.0282,0.01,0.0008
9.1,0.11,3.4,14.6,0.093,1.2,0.004,0.0142,0.0358,0.01,0.0004
7.9,0.116,1.5,9.9,0.024,1,0,0.17882,0.00286,0,0.00103
7.6,0.132,3.6,12.7,0.032,1,0,0.04797,0.01684,0,0.00142
8.5,0.091,3,13.9,0.022,1.1,0,0.03108,0.02038,0.02614,0.00133
6.8,0.097,2.3,13.4,0.02,1.2,0.00021,0.01022,0.01459,0.02353,0.00121
9,0.124,4,15.1,0.053,1.2,0.004,0.036,0.0228,0.01,0.0008
9.1,0.091,2.9,12.8,0.028,1.1,0,0.01163,0.0244,0.17316,0.00087
8.4,0.119,2.6,15,0.026,1,0,0.01459,0.00795,0,0.00154
7.5,0.093,3.9,14.2,0.041,1.1,0.00473,0.05426,0.02142,0.01021,0.00124
8.8,0.073,3,12.7,0.022,1,0,0.02296,0.00542,0,0.00129
6.9,0.061,1.4,10.5,0.024,1.1,0,0.10357,0,0,0.00223
7.8,0.08,2.5,13.7,0.038,1.1,0,0.032,0.01802,0,0.00141
8.6,0.109,2,12.1,0.031,1,0.00928,0.022,0.02112,0.01605,0.00118
9.5,0.104,3.1,17.6,0.027,1.2,0.00849,0.10995,0.01943,0.05318,0.00096
9.1,0.107,4.2,16.1,0.028,1.1,0,0.056,0.01882,0.14763,0.00153
7.6,0.122,3.6,16.5,0.027,1.2,0,0.04818,0.01719,0,0.00132
7.2,0.126,3,15.2,0.02,1.4,0,0.00671,0.01361,0,0.00164
7.3,0.13,3.2,14.3,0.025,1.4,0,0.00782,0.01046,0,0.00123
9.6,0.097,3.5,19.1,0.032,1.1,0,0.09897,0.01254,0.04275,0.0012
7.6,0.086,2.9,10.1,0.031,1.2,0.004,0.17,0.0168,0.01,0.0008
8.5,0.107,3.6,16.7,0.031,1.2,0,0.06858,0.01083,0.03747,0.00075
9.2,0.091,3.6,15.1,0.022,1.1,0.02358,0.06357,0.03683,0.27825,0.00151
8.1,0.087,3.6,16.2,0.036,1,0,0.06866,0.00843,0,0.0021
7.2,0.074,2.5,11.5,0.014,1.2,0,0.05009,0.0058,0,0.00115
9.3,0.101,3.1,16.4,0.023,1,0,0.08981,0.01838,0.03738,0.00132
7.8,0.09,3.5,12.8,0.046,1.1,0.00396,0.02443,0.01967,0.00908,0.00115
7.8,0.082,2.9,12,0.022,1.2,0,0.056,0.00895,0,0.00121
8,0.084,3.4,16.8,0.028,1,0,0.13916,0.0083,0,0.00146
8.9,0.144,3,12.8,0.034,1.1,0.008,0.346,0.0248,0.014,0.0008
11.8,0.142,3.3,13.4,0.048,1.1,0.008,0.022,0.032,0.01,0.0006
8.1,0.072,3,13.5,0.034,1.2,0.004,0.07,0.016,0.01,0.0004
9.1,0.104,4.5,13.1,0.045,1.1,0.004,0.034,0.1952,0.01,0.0008
8.8,0.117,3.5,14.7,0.036,1.2,0,0.07065,0.01714,0.00595,0.00132
8.9,0.097,3.2,16,0.023,1.1,0.00111,0.02999,0.0346,0.10447,0.00157
8.2,0.11,2.9,13,0.037,1.1,0.004,0.04,0.0286,0.01,0.0004
7.9,0.085,2.9,11.1,0.019,1,0,0.16786,0.00289,0,0.00129
8.8,0.122,3.3,12.1,0.034,1.2,0.004,0.058,0.0244,0.01,0.0004
11.2,0.11,2.8,14.2,0.037,1.2,0.004,0.048,0.0208,0.01,0.0006
8.8,0.104,4.4,12.7,0.051,1.1,0.004,0.0194,0.0284,0.01,0.0004
11.5,0.132,3.3,13.8,0.046,1.1,0.008,0.042,0.0334,0.01,0.0006
10.3,0.124,3.4,12.4,0.035,1.2,0.008,0.24,0.0228,0.01,0.0006
10.8,0.1,3,12.2,0.044,1.1,0.008,0.032,0.0396,0.01,0.0004
7.6,0.102,2.3,21.2,0.03,1.1,0.02342,0.044,0.03088,0.04587,0.00128
8.6,0.133,4.6,14.2,0.03,1.2,0,0.00737,0.03585,0.0353,0.00093
8.7,0.104,3.5,14.1,0.028,1,0.02257,0.07471,0.02576,0.09092,0.00132
9.2,0.072,2.4,16,0.021,1,0,0.0805,0.01074,0.03894,0.00073
6.6,0.061,2.2,10.1,0.017,1.3,0,0.00837,0.00541,0,0.00132
8.8,0.078,3,11.7,0.036,1.1,0.004,0.066,0.0214,0.01,0.0006
8.5,0.096,4.1,13.2,0.039,1.1,0.01,0.005,0.0328,0.01,0.0004
11.8,0.102,3.4,12.4,0.037,1.1,0.01,0.116,0.0268,0.01,0.0004
8.2,0.08,2.8,13,0.031,1.1,0.002,0.038,0.0338,0.01,0.0004
8,0.097,3.1,14.9,0.02,1.2,0,0.04766,0.00507,0.18474,0.00051
9.1,0.122,3.6,9.4,0.019,1.1,0,0.04789,0.0019,0,0.00134
10.4,0.124,4.4,13.3,0.053,1.1,0.004,0.042,0.0232,0.01,0.0006
10,0.106,2.5,12,0.03,1.1,0,0.05056,0.00166,0,0.00145
9.1,0.091,3.8,14.1,0.019,1.2,0.0119,0.044,0.02022,0.10076,0.00106
7.7,0.067,1.9,11.3,0.021,1.1,0,0.054,0.0125,0,0.00157
6.8,0.105,2.8,11.1,0.023,1.1,0.00044,0.07193,0.02171,0.1419,0.00123
8.5,0.1,3.1,16.5,0.026,1.1,0,0.14544,0.01309,0.17661,0.00073
9.6,0.102,2.5,14.2,0.027,1.2,0.0138,0.18712,0.02615,0.09554,0.00118
8.3,0.1,3.9,12.6,0.031,1.2,0.006,0.116,0.0162,0.01,0.0006
9.6,0.168,4.4,12.9,0.055,1.1,0.008,0.034,0.0314,0.01,0.0006
7.3,0.102,1.9,25.3,0.026,1.2,0.00942,0.09297,0.02,0.03944,0.00145
9.2,0.088,3.5,15.4,0.025,0.9,0.004,0.038,0.0198,0.01,0.0004
8.5,0.078,2.7,15.1,0.023,1,0.01372,0.028,0.01838,0.06418,0.00062
9.7,0.081,3.7,17.5,0.042,1.1,0,0.15771,0.02921,0.11702,0.00126
6.8,0.058,1,8.9,0.016,0.9,0.00072,0.00092,0,0,0.00025
9.3,0.094,1.7,14.4,0.02,1,0.01015,0.03635,0.0244,0.05103,0.00105
5,0.055,2.9,8.1,0.012,1.2,0.00614,0.01186,0.01834,0.0081,0.00075
10.2,0.138,4.1,13.9,0.038,1.3,0.004,0.066,0.03,0.01,0.0006
9.1,0.13,3.1,14.3,0.026,1.2,0,0.11862,0.02688,0.24506,0.00053
10.3,0.17,4.7,13.7,0.062,1.1,0.008,0.022,0.032,0.01,0.0008
7.9,0.091,1.5,10.3,0.032,1,0,0.04099,0.00915,0,0.00117
6.2,0.098,2.8,14.7,0.018,1,0.004,0.054,0.02,0.01,0.0004
7.5,0.094,1.8,10.7,0.024,1.1,0,0.08,0.00407,0,0.001
10,0.12,4.6,15,0.034,1.1,0.004,0.028,0.0368,0.01,0.0004
10,0.116,4.2,14.6,0.037,1.2,0.004,0.038,0.0246,0.01,0.0004
8.7,0.104,4.4,17.3,0.028,1.1,0,0.024,0.02751,0.098,0.00126
8.2,0.104,3.1,12.3,0.023,1.1,0,0.06541,0.02341,0.11566,0.00143
9.1,0.12,3.5,14.6,0.027,1.3,0.00242,0.0148,0.01695,0.1012,0.00155
9.8,0.084,3.5,16.9,0.025,1,0.012,0.112,0.0172,0.012,0.0004
11.3,0.154,4.8,16,0.033,1.1,0.006,0.258,0.0228,0.01,0.0008
7.8,0.08,3.8,13.1,0.026,1,0.004,0.018,0.0318,0.01,0.0004
8.7,0.078,2.5,22.5,0.026,1.2,0.00155,0.04054,0.01739,0.05162,0.00093
8.9,0.088,1.2,13.1,0.019,1.1,0,0.17467,0.01376,0.01424,0.00052
9.4,0.126,2.8,14.5,0.022,1.3,0.00744,0.0081,0.01881,0.19611,0.00113
9.4,0.101,3.3,16.4,0.021,1.1,0,0.01995,0.02795,0.00564,0.001
8.9,0.101,1.8,12.9,0.02,1,0,0.20472,0.00899,0,0.00242
9.1,0.072,2.6,15,0.026,1.1,0.01459,0.025,0.02119,0.64021,0.00098
7.9,0.11,1.9,9.1,0.028,1,0,0.04723,0.00582,0,0.00084
9.3,0.078,3.8,18.5,0.024,1,0.004,0.038,0.0234,0.01,0.0004
11.8,0.134,4.7,14.7,0.036,1.1,0.004,0.15,0.0194,0.01,0.0008
8.3,0.081,1.5,10.7,0.018,1,0.01847,0.19291,0.02556,0.10195,0.00118
9.3,0.088,3,13.9,0.028,1.1,0.00317,0.05315,0.02263,0.03614,0.00106
9.4,0.138,4,12.7,0.25,1.2,0.01,0.116,0.034,0.01,0.002
9,0.34,2.5,10.9,0.028,1,0,0.42446,0.0134,0.08167,0.00117
8.1,0.108,4.5,13.1,0.038,1.1,0.01,0.066,0.0312,0.012,0.0006
9.5,0.107,3.2,13.8,0.023,1.2,0,0.02436,0.01998,0.30059,0.00098
14.2,0.17,4.8,14.1,0.048,1.1,0.008,0.046,0.0298,0.01,0.0008
8,0.103,3.7,10.8,0.023,1.1,0,0.13888,0.00707,0,0.00106
12.5,0.154,4.6,13,0.033,1.2,0.008,0.09,0.0422,0.01,0.0004
11.5,0.13,4.8,14.2,0.036,1.2,0.008,0.09,0.0206,0.012,0.0004
8.2,0.088,2.6,10.2,0.022,1,0,0.112,0.00168,0,0.00111
7,0.097,2,8.9,0.017,1.1,0,0.09888,0.01062,0,0.00024
7.7,0.097,3.3,13,0.02,1.3,0,0.01641,0.01121,0.125,0.00133
11.7,0.142,4.6,14,0.046,1.1,0.008,0.108,0.0278,0.01,0.0008
8.3,0.122,2.9,9.3,0.026,1.1,0,0.02039,0.02037,0,0.00098
8.7,0.075,3.2,21.8,0.029,1,0.01603,0.0212,0.02119,0,0.0012
9.6,0.084,2.4,14.6,0.024,1,0,0.05499,0.01773,0.06244,0.00103
10.2,0.11,4.5,14.7,0.032,1.1,0.01,0.086,0.0238,0.016,0.0004
8.1,0.088,3.5,12.2,0.024,1,0,0.03952,0.01159,0,0.0014
10.1,0.131,2.5,11.3,0.026,1.1,0,0.08429,0.00255,0,0.00102
8,0.096,3.4,12.6,0.021,1.1,0.01,0.016,0.022,0.012,0.0004
9.8,0.129,3.4,13,0.026,1,0,0.17356,0.00583,0,0.00098
12,0.142,5.3,13.5,0.044,1.2,0.008,0.096,0.0362,0.01,0.0004
8.6,0.114,3.5,16.2,0.026,1.2,0,0.0108,0.01857,0.0492,0.00133
14,0.136,5,13.3,0.05,1.1,0.014,0.17,0.0278,0.01,0.001
9.6,0.075,2.4,15.6,0.028,1.1,0.00771,0.07513,0.01549,0.12033,0.00175
8.9,0.081,3.2,14.7,0.027,1.1,0,0.137,0.0103,0.01984,0.00134
18.5,0.182,5.3,13.3,0.247,1.1,0.014,0.02,0.0322,0.01,0.0004
7.5,0.075,2.8,13.7,0.02,1.1,0,0.01046,0.02921,0.06912,0.00146
10.2,0.106,3,12.7,0.021,1.2,0,0.09738,0,0,0.00107
14.3,0.174,5.3,14.2,0.036,1.1,0.008,0.07,0.0294,0.01,0.0004
11,0.142,4.6,13.5,0.036,1.2,0.004,0.028,0.0186,0.016,0.0004
10.3,0.094,2.5,14.8,0.03,1,0,0.13147,0.00656,0.08595,0.00098
10,0.183,4.1,11.7,0.026,1.1,0.00017,0.00184,0.00015,0,0.0004
7.7,0.094,2.9,8.6,0.022,1.1,0,0.15075,0.00422,0,0.00109
9.7,0.107,2.8,14.1,0.022,1,0,0.08231,0.01499,0.02688,0.00104
8.8,0.12,5.2,11.8,0.032,1.3,0.01,0.066,0.0244,0.014,0.0004
8.8,0.082,3.7,10.7,0.024,1.2,0,0.03878,0.00133,0,0.0008
10.5,0.234,3.5,13,0.037,1.2,0.01,0.006,0.03046,0.01,0.0004
9.9,0.123,3.4,17.3,0.028,1.2,0,0.16958,0.00934,0,0.0016
11.2,0.186,3.9,15.6,0.028,1.2,0.008,0.36,0.012,0.02,0.0014
7.8,0.097,2.8,10.9,0.026,1,0,0.07404,0.00614,0,0.00141
8.4,0.1,4.4,14,0.024,1.1,0.01,0.048,0.0228,0.012,0.0004
15.6,0.206,5.8,15.5,0.04,1.2,0.006,0.102,0.0242,0.02,0.0004
9.1,0.094,3.3,12.1,0.033,1,0,0.06396,0.00101,0,0.00175
11,0.13,4,15.4,0.043,1,0.006,0.35,0.0208,0.012,0.0008
8.6,0.076,2.6,9.8,0.023,1.1,0,0.03788,0,0,0.00092
8.2,0.11,3,10.1,0.02,1.1,0,0.15168,0.00259,0,0.00099
7.1,0.1,2.5,9.6,0.032,1.2,0.006,0.036,0.0244,0.01,0.0004
8.4,0.082,2.7,9.9,0.024,1,0,0.14646,0,0,0.00164
9.6,0.126,4.7,14.6,0.026,1.2,0.01,0.056,0.0176,0.012,0.0004
7.9,0.14,4.3,12.1,0.038,1,0,0.01461,0.00234,0,0.00129
7.3,0.132,3.4,12.8,0.023,1.2,0.008,0.456,0.0232,0.022,0.0008
7.7,0.12,2.8,11.9,0.036,1.2,0.008,0.01,0.0276,0.024,0.0004
12.1,0.564,4.4,16.2,0.053,1,0.008,0.146,0.0202,0.012,0.0008
6.9,0.097,1.7,12.5,0.024,1.3,0.00207,0.14699,0.00925,0.0113,0.00131
6,0.072,2.5,23.8,0.021,1.2,0,0.03625,0.01724,0,0.00117
8.8,0.091,2.9,10.2,0.032,1.2,0,0.01476,0.0106,0,0.00105
10.7,3.84,3.7,14.4,0.052,1,0.02,0.476,0.0146,0.016,0.0006
10.7,0.114,3,14.8,0.023,1.1,0,0.0264,0.02247,0.15888,0.00119
9.3,0.076,2.5,12.8,0.018,1,0,0.08,0.01209,0.03831,0.0011
9.6,0.161,3.7,10.8,0.028,1.5,0,0.03143,0.00613,0,0.00095
11.1,0.128,3.1,17.3,0.035,1.1,0,0.07557,0.01887,0.11565,0.00154
8.7,0.106,3.1,10.2,0.026,1.5,0,0.00841,0.00607,0,0.0012
8,0.122,5.4,10.5,0.019,1.2,0.006,0.02,0.0256,0.01,0.0004
11.3,0.176,6,12.9,0.046,1.2,0.01,0.138,0.0342,0.036,0.0008
8.6,0.118,3.5,13.4,0.029,1.2,0.008,0.264,0.0136,0.046,0.0016
10.8,0.326,5.4,15.2,0.037,1,0.004,0.092,0.012,0.01,0.0006
8.9,0.145,2.9,17.5,0.029,1.2,0.00569,0.00798,0.01351,0.008,0.00143
11.4,25.68,3.3,19,0.035,1.2,0.01,0.362,0.0218,0.01,0.0004
5.8,0.063,2.3,19.6,0.023,1.3,0.00254,0.03472,0.0274,0.08611,0.00234
9.5,0.476,3.3,12,0.032,1.2,0.014,0.18,0.0146,0.036,0.0008
10,0.164,3.1,11.4,0.024,1.4,0,0.01239,0.00635,0,0.00105
7.8,0.098,1.5,12,0.025,1.2,0.0158,0.04093,0.02609,0,0.00145
9.4,0.092,2.6,11.1,0.024,1,0,0.04684,0.0085,0.04075,0.00144
6.8,0.061,1.6,12.5,0.02,1.3,0.00621,0.05721,0.02308,0,0.00147
7.2,0.128,3.7,9.5,0.017,1.4,0,0.00565,0.00932,0,0.00117
7.1,0.054,2.4,13.9,0.026,1.1,0.004,0.032,0.0228,0.01,0.0004
8.9,1.52,4.2,14.4,0.044,1.2,0.004,0.038,0.022,0.01,0.0004
10.6,0.14,3.8,13,0.026,1.2,0,0.03159,0.00816,0,0.00088
11.9,0.242,4.5,9.4,0.027,1.1,0,0.01984,0.00928,0,0.00117
11,3.2,3.6,19.5,0.095,1.1,0.004,1.242,0.0146,0.01,0.0014
18.5,0.156,3.9,13.9,0.263,1.2,0.018,0.21,0.0144,0.044,0.0008
7.4,0.109,2.3,13.6,0.032,1.1,0.01439,0.15036,0.02186,0.02135,0.00139
8.7,0.126,4.6,12.7,0.028,1.2,0.008,0.066,0.016,0.022,0.0016
15.4,0.27,6.2,13.8,0.138,1.1,0.016,0.184,0.0284,0.044,0.0008
10.7,0.089,3,15.7,0.025,1.1,0,0.06178,0.00548,0.03534,0.00097
12,2.86,3.5,19.4,0.055,1.2,0.004,0.212,0.0192,0.01,0.0004
7.9,0.082,5.7,25.8,0.039,1.1,0.01729,0.11576,0.01942,0.07646,0.00079
8.1,0.11,1.8,41,0.031,1,0,0.02626,0.02041,0,0.00131
7.8,0.084,3.2,12.4,0.024,1.2,0,0.00995,0.01253,0,0.00139
9.8,0.11,3.3,15.9,0.027,1.2,0,0.06366,0.01251,0.02084,0.00156
11.6,0.204,4.3,18.9,0.059,1.1,0.012,0.426,0.0136,0.022,0.0008
8.5,0.103,4,11.4,0.021,1,0,0.18035,0,0,0.00131
9.6,1.52,5.6,14.4,0.031,1.1,0.012,0.246,0.0152,0.026,0.0008
9,0.143,4.1,12,0.021,1.4,0,0.00444,0.00857,0,0.00114
7.6,0.094,3,9.5,0.021,1.1,0,0.1052,0.0046,0,0.0015
8.6,0.103,3.1,15.6,0.03,1,0,0.04534,0.01562,0,0.00051
11.1,0.122,3.6,17.9,0.024,1.2,0,0.06392,0.00856,0.01099,0.00151
18.7,0.196,7.3,13.4,0.117,1.2,0.016,0.07,0.028,0.046,0.0004
10.9,0.176,4.4,16.4,0.031,1.1,0.006,0.18,0.0326,0.01,0.0008
9,0.105,1.7,20.7,0.035,1.1,0.00388,0.00432,0.03924,0.01791,0.00123
8,0.37,5.6,15.1,0.024,1.2,0.01,0.014,0.0084,0.02,0.0004
6.4,0.072,2.9,13.6,0.02,1.2,0,0.284,0.01092,0.0565,0.00146
9.2,0.094,4.1,10.9,0.02,1,0,0.07636,0,0,0.00125
9.9,0.134,3.7,15.4,0.03,1.2,0,0.03691,0.00475,0,0.00117
8.9,0.146,4,9.6,0.024,1.4,0,0.00697,0.0038,0,0.00122
9.2,0.694,4.7,15.6,0.039,1.1,0.012,0.318,0.0194,0.026,0.0008
7.9,0.09,3.2,16.3,0.029,1.2,0.0159,0.0114,0.01629,0,0.00154
8,0.134,2.7,10.7,0.02,1.4,0.0038,0.0042,0.00466,0,0.0013
13.2,0.226,3.9,14.8,0.054,1.2,0.012,0.012,0.0288,0.02,0.0008
26.2,0.258,6.1,15.7,0.136,1,0.024,0.198,0.013,0.03,0.001
13,0.122,2.8,19.9,0.023,1.1,0,0.24568,0.00507,0.03995,0.00103
8.1,0.085,3.7,9.3,0.023,1.1,0,0.06255,0.0025,0,0.00142
8.8,0.105,2.5,13.5,0.031,1.1,0.00049,0.02844,0.02419,0,0.00112
8.6,0.097,3.2,14.9,0.03,1,0,0.03431,0.01251,0,0.00064
11.3,0.095,2.4,17.3,0.028,1,0,0.08073,0.01206,0.02704,0.00212
7.4,0.094,3.7,13.2,0.033,1.2,0,0.10436,0.02486,0.10349,0.00101
10.1,0.153,3.3,16.5,0.024,1.2,0.00692,0.08151,0.00418,0.02054,0.00153
12.4,0.136,3.8,15.2,0.033,1.1,0,0.08133,0.01297,0.0416,0.00151
7.6,0.149,2.5,8.8,0.023,1.4,0,0.02676,0.00613,0,0.00097
7.2,0.102,2.6,15.7,0.023,1.1,0.00192,0.04949,0.01324,0.01624,0.00137
8.3,0.094,3.7,15.4,0.03,1.1,0,0.07113,0.01739,0,0.00064
12,0.152,3.4,16,0.03,1.2,0.00197,0.01101,0.02524,0.40524,0.00168
8.2,0.1,2.9,11.8,0.016,1,0,0.0901,0.00059,0,0.00127
9.6,0.125,4.2,23.9,0.062,1.2,0,0.016,0.0121,0,0.00025
7.8,0.079,2.4,10.9,0.018,1,0,0.14519,0.01814,0.00978,0.00139
9,0.131,3.7,14.4,0.029,1.2,0.01882,0.12247,0.01607,0.36677,0.00129
10.4,0.122,2.6,13.6,0.02,0.9,0.008,0.092,0.027,0.01,0.0004
11.8,0.128,4.3,14.3,0.029,1,0.004,0.024,0.0238,0.01,0.0004
11.4,0.598,3.4,12.3,0.019,1.1,0.008,0.066,0.0204,0.01,0.0004
15.6,0.666,4.4,15.5,0.047,1.1,0.012,0.178,0.0272,0.01,0.0004
12.3,0.2,2.3,12.7,0.018,0.9,0.012,0.198,0.0154,0.01,0.0008
5.3,0.075,3.2,13.8,0.022,1.2,0.00204,0.04238,0.01628,0.00504,0.00124
11.2,0.154,2.7,12.8,0.016,1,0.008,0.024,0.0174,0.02,0.0004
6.9,0.075,2.1,23.9,0.03,1.1,0.00675,0.03038,0.02301,0.02878,0.00155
7.8,0.093,3.4,15.6,0.02,1.2,0.0104,0.00555,0.01581,0.03345,0.00129
12.5,0.148,2.9,13.4,0.02,0.9,0.01,0.092,0.018,0.02,0.0004
9.6,0.116,3.4,12.1,0.015,1,0.012,0.064,0.0212,0.01,0.0004
9.2,0.081,3.5,16.8,0.025,1,0,0.20161,0.00353,0.01226,0.00157
8,0.093,1.8,13.9,0.021,1.1,0,0.01483,0.01744,0.00392,0.00142
14.4,0.194,4,14.8,0.035,1.1,0.00807,0.02329,0.01103,0.07904,0.00125
12.1,0.14,4.1,15.3,0.059,1.1,0.016,0.074,0.0236,0.02,0.0008
6.5,0.071,3.4,13.4,0.022,1.2,0.00365,0.15072,0.01788,0,0.00156
8.4,0.105,4,18,0.033,1.1,0.00046,0.0351,0.02069,0.03232,0.00114
8.2,0.091,3.6,11.7,0.026,1.1,0,0.08531,0.00584,0,0.00048
13.7,0.16,4.4,15.8,0.053,1,0.014,0.466,0.026,0.044,0.0012
8.9,0.092,3.4,11.5,0.022,1,0.00131,0.07137,0.00887,0.00721,0.00141
7.6,0.088,2.8,10.5,0.031,1.2,0,0.06353,0.01434,0,0.00071
9.9,0.11,3.3,27.2,0.071,1.1,0.00018,0.04137,0.02375,0.03267,0.00052
7.1,0.116,3.5,13,0.023,1.3,0.00329,0.36605,0.00198,0.04943,0.00165
10,0.113,4,15.5,0.036,1.1,0,0.02708,0.0058,0,0.00056
12.6,0.148,3.1,14.5,0.022,1,0.016,0.592,0.0148,0.03,0.0012
8.3,0.097,2.3,9.3,0.027,1.1,0,0.28827,0.02255,0.08508,0.00128
10.2,0.098,3.5,13,0.025,1.1,0,0.27573,0.00519,0.01908,0.00122
8.8,0.168,5,15.2,0.025,1.2,0.00689,0.03558,0.01921,0.26114,0.00176
7.5,0.099,2.1,14,0.028,1,0.02247,0.034,0.01435,0.17488,0.00099
21.5,0.234,5.2,16.6,0.048,1.2,0.014,0.21,0.0292,0.02,0.0008
9.3,0.1,3.1,14.9,0.04,1.1,0,0.05843,0.02836,0.08133,0.00074
16.2,0.204,5.1,15.5,0.042,1.1,0.02,0.14,0.0238,0.024,0.0004
8.8,0.119,3.4,11.1,0.02,1.1,0,0.09015,0.01117,0,0.00047
17.3,0.22,5.7,15.5,0.051,1.1,0.014,0.062,0.0368,0.02,0.0004
16,0.185,5.3,16.2,0.039,1.2,0.00789,0.0777,0.0228,0.11605,0.00119
13.1,0.232,3.6,14.3,0.02,1,0.012,0.196,0.018,0.02,0.001
8.8,0.1,3.9,11.9,0.051,1,0,0.04551,0.01015,0,0.00077
13.2,0.18,5.2,12.2,0.022,1.1,0.01,0.212,0.0176,0.016,0.001
17.9,0.236,5.3,15.8,0.044,1.1,0.026,0.056,0.037,0.03,0.0006
8.9,0.102,3.7,13.4,0.031,1.1,0.00203,0.05031,0.02149,0.05736,0.00093
7.2,0.084,1.6,20.9,0.03,1,0.03958,0.02806,0.01665,0.02775,0.00117
18,0.21,5.7,15.3,0.055,1.1,0.032,0.268,0.0346,0.04,0.0004
18.6,0.194,5.9,14.8,0.049,1.1,0.022,0.284,0.0178,0.044,0.0004
9.1,0.122,3.1,11.2,0.026,1.2,0.016,0.02264,0.01636,0.10957,0.00057
10.5,0.132,4.3,16.2,0.028,1.2,0,0.08845,0.01776,0,0.00104
10.1,0.12,3.1,14.3,0.028,1.3,0.01761,0.04529,0.02527,0.15636,0.00128
11.8,0.122,3,14.4,0.067,1.1,0,0.00777,0.02132,0.06254,0.00055
20.2,0.25,5.7,15.1,0.056,1.1,0.028,0.056,0.0316,0.024,0.0008
19.9,0.085,6,19,0.035,1.1,0.00429,0.084,0.0173,0.176,0.00064
8.9,0.108,3.2,15.8,0.031,1.1,0.01,0.146,0.014,0.016,0.0008
20.3,0.226,6.7,14.9,0.056,1.1,0.03,0.0164,0.0314,0.01,0.0006
18.7,0.2,5.2,13.7,0.055,1.1,0.024,0.078,0.016,0.026,0.0008
9.9,0.113,2.9,17.9,0.047,1.1,0,0.02282,0.02419,0.01867,0.0005
9.6,0.117,3.1,11.2,0.034,1.1,0,0.05582,0.00865,0,0.00064
34.7,0.778,4.1,12.6,0.04,1,0.1,0.446,0.0178,0.022,0.0004
14.7,0.097,4.6,21.3,0.047,1,0.02816,0.02121,0.03669,0.56052,0.00066
11.4,0.222,3,12.8,0.025,1.1,0.014,0.118,0.0202,0.02,0.0004
10.5,0.129,4,10.5,0.024,1,0,0.03244,0.01495,0.03781,0.00144
7,0.099,2.4,23.3,0.028,1.1,0.00942,0.03023,0.01098,0.17469,0.00072
10.9,0.17,5.1,10.9,0.02,1,0.004,0.01,0.0252,0.01,0.0004
8.8,0.106,2.3,29.7,0.042,1.1,0,0.08018,0.01302,0,0.00056
7.5,0.102,3.4,15.1,0.03,1.1,0,0.15481,0.02337,0.0867,0.00138
11,0.13,5,13.5,0.03,1,0.00371,0.04835,0.01386,0.02648,0.00101
10.5,0.118,4.1,10.7,0.018,1,0.008,0.114,0.0138,0.012,0.0006
11.5,0.122,3.4,14.5,0.024,1.2,0,0.02342,0.00751,0,0.00063
6.2,0.09,1.8,37.9,0.034,1.1,0.00523,0.07629,0.01484,0.0132,0.00048
14.5,0.304,3.3,14,0.033,1,0.02,0.326,0.014,0.02,0.0006
14.6,0.1,5.2,10.1,0.06,1,0.00082,0.2279,0.01564,0.04042,0.00049
9.9,0.094,4.2,12.4,0.033,1,0,0.01631,0.01614,0,0.00061
19.5,2.76,3.3,15.1,0.11,1.1,0.004,0.048,0.014,0.016,0.0006
7,0.094,2.7,8.6,0.014,1.1,0,0.14911,0.00569,0,0.00071
8.9,0.131,3.1,11.4,0.019,1.3,0,0.0548,0.00721,0,0.00117
15.3,1.4,3.3,10.6,0.026,1.1,0.02,0.304,0.0156,0.024,0.0004
7,0.072,2.4,31.7,0.025,1,0.00765,0.072,0.03116,0.074,0.00026
8.5,0.137,2.8,15.8,0.074,1,0,0.02183,0.02889,0,0.00075
9.6,0.11,4.2,14.5,0.033,1.1,0,0.03551,0.03397,0.11701,0.00051
10.7,0.113,6.9,13.5,0.035,1.1,0,0.08505,0.00476,0,0.00125
37.2,1.12,7.2,12.3,0.091,0.9,0.028,0.224,0.0158,0.016,0.0004
10.2,0.14,3.1,13.4,0.037,1.1,0.016,0.222,0.008,0.02,0.0014
14.5,0.76,3.1,13,0.025,1.2,0.04,0.422,0.0158,0.022,0.0006
10.8,0.19,3.3,11.6,0.017,1.1,0.02,0.152,0.0224,0.02,0.0008
16.1,0.14,5.4,12.9,0.041,1.1,0.02,0.368,0.0222,0.02,0.001
8,0.125,2.6,10.1,0.029,1.1,0,0.21304,0.03262,0.05842,0.00076
13.9,0.272,3.4,11.3,0.026,1.2,0.01,0.15,0.01,0.024,0.0006
15.3,0.214,4,12.7,0.016,1.1,0.004,0.038,0.0264,0.022,0.0004
8.2,0.122,2.9,9.3,0.016,1.2,0,0.016,0.01362,0,0.00057
9.6,0.143,3.4,21.3,0.035,1.1,0,0.068,0.00731,0,0.00175
8.8,0.097,2.2,24.8,0.032,1,0,0.0088,0.02552,0.07983,0.00029
9.9,0.118,4.6,10.7,0.013,1,0.014,0.05,0.0202,0.022,0.0004
10.2,0.1,5.5,12.4,0.04,1.1,0,0.10873,0.0031,0,0.00163
16.2,0.156,5.4,11.5,0.047,1,0.00089,0.00533,0.00112,0,0.00026
10,0.21,2.9,11.5,0.033,1.1,0.008,0.02,0.0276,0.016,0.0004
11.4,0.2,5,12.7,0.035,1,0.008,0.176,0.0182,0.01,0.0004
7.6,0.117,2.3,34.6,0.031,1,0.00787,0.08386,0.00516,0,0.00066
11.8,0.109,4.7,13.1,0.04,1.1,0.00724,0.02507,0.03963,0.28579,0.00052
9.5,0.136,5,12.8,0.021,1,0.016,0.32,0.0188,0.01,0.0014
12,0.27,5.4,10.6,0.051,1,0.036,0.446,0.0186,0.026,0.0018
15.3,0.137,5.1,14.3,0.04,1,0.0028,0.044,0.0028,0,0.00088
8.2,0.113,2.4,9.3,0.021,1,0,0.12033,0,0,0.00109
11.7,0.15,14.1,31.7,0.055,0.9,0.004,0.08,0.0248,0.012,0.0006
11.4,0.138,2.4,24.3,0.074,0.9,0.004,0.032,0.0302,0.01,0.0004
10.6,0.132,2.9,24.2,0.052,0.9,0.01,0.0088,0.0246,0.01,0.0004
16.4,0.247,4.8,14.6,0.115,1.1,0.00812,0.084,0.01659,0.02766,0.0015
10.6,0.122,3.1,21.9,0.04,0.9,0.008,0.136,0.0196,0.012,0.0006
10.1,0.12,19,15,0.032,0.9,0.004,0.054,0.017,0.01,0.0004
9,0.7,3.6,9.3,0.024,1.2,0.012,0.038,0.029,0.01,0.0004
5.9,0.071,2.4,27.5,0.026,1.1,0.00503,0.03677,0.01714,0.00842,0.00072
8.4,0.112,3.2,10.2,0.016,1,0.02,0.188,0.0286,0.018,0.0016
11.1,0.162,3.9,15.2,0.047,1,0.01,0.048,0.0232,0.016,0.0004
9.5,0.14,6,17.8,0.046,1.1,0,0.02134,0.02818,0.12002,0.00068
12.5,0.228,3.2,14.3,0.031,1,0.01,0.012,0.0158,0.01,0.0004
10.9,0.104,24.7,16.8,0.042,0.9,0.004,0.098,0.0176,0.01,0.0004
13.8,0.134,5.9,17.4,0.078,1,0.004,0.146,0.0184,0.014,0.0006
10.7,0.132,13.7,12,0.046,0.9,0.004,0.058,0.039,0.012,0.0004
9.6,0.122,2.7,26.6,0.04,0.9,0.004,0.04,0.0308,0.004,0.0004
9.6,0.8,2.2,10.1,0.099,1.1,0.012,0.152,0.0232,0.01,0.0012
27.1,0.698,5.5,10.5,0.024,1.1,0.03,0.188,0.022,0.02,0.0016
11.8,0.206,4,11,0.033,1,0.01,0.036,0.0376,0.02,0.0008
9,0.096,1.9,22.6,0.047,0.9,0.004,0.11,0.0166,0.01,0.0004
10.1,3.36,2.6,10.1,0.057,1.2,0.036,0.386,0.0226,0.016,0.0008
11.4,0.166,4.7,14.8,0.045,1,0.004,0.134,0.039,0.022,0.0004
11.4,0.158,4.2,14.3,0.034,0.9,0.004,0.074,0.0152,0.012,0.0004
10.3,0.155,6.2,17.2,0.048,1.1,0,0.01544,0.01846,0.04017,0.00179
17.3,5.46,4.5,9.1,0.055,1.2,0.036,0.83,0.0142,0.02,0.0022
11,0.138,6,20.1,0.045,0.9,0.006,0.05,0.0346,0.01,0.0004
9.5,0.16,5.1,20.7,0.04,0.9,0.008,0.06,0.023,0.01,0.001
10.6,0.122,2.9,12.9,0.049,0.9,0.006,0.192,0.0276,0.016,0.0006
9.3,0.266,3.6,8.7,0.041,1.3,0.022,0.019,0.0202,0.01,0.0004
10.5,0.136,2.8,28.8,0.048,0.9,0.004,0.08,0.0222,0.012,0.0004
13.6,0.124,7.5,21.7,0.104,1,0.004,0.056,0.031,0.01,0.0004
11.6,0.13,3.3,20.7,0.055,0.9,0.008,0.066,0.0312,0.01,0.0008
10.5,0.138,2.2,19.8,0.093,0.9,0.004,0.186,0.0182,0.016,0.0006
8.8,0.108,2.2,14.3,0.032,1,0.008,0.174,0.047,0.01,0.0014
10.4,0.162,3.5,27.3,0.044,0.9,0.004,0.0068,0.0232,0.012,0.0004
9.3,0.096,2.9,22.6,0.046,0.9,0.006,0.148,0.0142,0.01,0.0004
19.6,0.906,3.8,10.4,0.032,1.2,0.016,0.116,0.0358,0.01,0.0012
17.5,1.04,3.4,10.9,0.056,1.1,0.014,0.324,0.0266,0.01,0.0016
9.3,0.128,2.8,18.8,0.062,0.9,0.006,0.146,0.0162,0.01,0.0004
53.1,0.876,4,13.5,0.071,1.2,0.116,0.368,0.0252,0.01,0.002
11.1,0.176,4.2,19.4,0.048,1,0.004,0.068,0.022,0.012,0.0004
13.5,0.207,3.8,12.6,0.039,1.1,0.00366,0.022,0.02221,0.03398,0.00129
10.4,0.112,2.7,29.5,0.039,0.9,0.004,0.052,0.0262,0.014,0.0004
11.5,0.144,4.3,16.9,0.047,0.9,0.004,0.096,0.029,0.01,0.0004
10.3,0.17,4.6,15.7,0.04,1.2,0.00336,0.08024,0.02747,0.12498,0.00121
10.3,0.094,3,16.8,0.103,0.9,0.006,0.124,0.0304,0.016,0.0006
11.7,0.2,4.5,12,0.026,1.1,0.054,0.734,0.0164,0.01,0.0022
13.1,0.271,3.4,15.3,0.033,1,0,0.05462,0.02427,0,0.00095
11.3,0.126,3.8,20.7,0.102,0.9,0.006,0.118,0.0252,0.01,0.0006
9,0.108,3.4,14.3,0.035,0.9,0.008,0.306,0.0308,0.016,0.0008
15.5,0.469,4.2,15.4,0.045,1,0.00551,0.164,0.02283,0.112,0.00108
9.3,0.204,3,13,0.044,1,0.004,0.0148,0.0274,0.006,0.0004
10.7,0.16,2.9,14.5,0.034,0.9,0.008,0.252,0.0204,0.018,0.0008
13.2,0.231,3.9,14.8,0.03,1.1,0,0.26036,0.02225,0.01348,0.00117
9.5,0.152,2.2,28.1,0.079,1.2,0.006,0.0102,0.021,0.01,0.0004
10.8,0.128,3.2,14.3,0.024,1,0.024,0.088,0.026,0.01,0.0004
9.3,0.108,3.1,13.3,0.062,1.1,0.02,0.114,0.019,0.01,0.0012
9.7,0.102,3.1,15.6,0.041,1,0.01,0.348,0.026,0.016,0.0008
8.6,0.124,3.2,10.3,0.017,1,0.02,0.11,0.0298,0.01,0.001
8.3,0.112,4,16.9,0.035,1,0.008,0.05,0.0266,0.01,0.0004
11.4,0.116,3.4,15.8,0.031,0.9,0.008,0.14,0.0248,0.018,0.001
8.6,0.116,3.7,16,0.035,1.1,0,0.076,0.01546,0.04371,0.00155
11.7,0.132,3.8,17.5,0.081,1,0.006,0.0082,0.0336,0.01,0.0004
9.7,0.104,2.6,27.4,0.05,1,0.006,0.03,0.0272,0.01,0.0004
15,0.685,4.5,14.3,0.033,1.1,0.00051,0.04961,0.0021,0,0.00029
9.7,0.176,3.6,16,0.042,1,0.008,0.13,0.026,0.016,0.0006
38,0.84,4.5,8.9,0.066,1.1,0.034,0.704,0.0334,0.01,0.0022
11.1,0.189,3.5,14,0.037,1,0,0.13119,0.05349,0.10019,0.00109
9.9,0.162,3.6,20.1,0.039,1,0.008,0.086,0.027,0.01,0.0006
10.5,0.158,3.8,17.1,0.063,1.1,0.006,0.082,0.0212,0.01,0.0004
11.8,0.097,4.1,12,0.024,1,0.00546,0.03837,0.02414,0,0.00114
9.9,0.119,3.1,14.3,0.034,1,0,0.04502,0.0248,0.04603,0.00126
11.4,0.119,3.8,11,0.026,1,0.00557,0.00772,0.02037,0,0.00197
10.6,0.195,4.2,14.4,0.04,1.2,0.01765,0.12158,0.03299,0.2066,0.00086
9.7,0.13,4.6,10.3,0.049,0.9,0.006,0.052,0.0322,0.01,0.0004
11.8,0.119,3.2,15.9,0.038,1.1,0.00259,0.09299,0.01582,0.20388,0.00147
11.9,0.16,2,14.4,0.041,1,0.008,0.194,0.0364,0.012,0.0006
10.4,0.114,2.6,12.2,0.033,1.2,0,0.34879,0.01482,0.04759,0.00044
12.1,0.386,2.1,18.4,0.043,1,0.004,0.136,0.0218,0.012,0.0004
13.5,0.123,4.7,27.9,0.057,1,0,0.248,0.00087,0,0.00032
9.8,0.152,3.2,27.3,0.044,1.1,0,0.07465,0.01126,0,0.0005
8.1,0.122,2.8,18.1,0.023,1,0,0.03305,0.0155,0,0.00113
14.3,0.366,3.4,18.7,0.023,1.1,0.014,0.132,0.0224,0.01,0.0006
12.3,0.164,4,16.4,0.044,1,0.00071,0.00115,0,0,0.00032
8.2,0.1,2.6,18.5,0.023,1.1,0.0028,0.06497,0.01965,0,0.00112
10.4,0.157,3.4,13.2,0.027,1.1,0,0.02527,0.02352,0.13036,0.00099
10,0.143,3.1,36.7,0.038,1,0,0.2109,0.0048,0,0.00046
10.4,0.137,3.6,12.9,0.033,1.1,0.00827,0.07958,0.03154,0.07183,0.00104
8.6,0.087,2.1,20.6,0.017,1.1,0,0.1427,0.01448,0,0.00161
7.8,0.087,2.2,17.1,0.019,1.1,0,0.02396,0.01692,0.01833,0.00127
9.4,0.131,4,11.8,0.038,1.1,0.00722,0.30052,0.02161,0.16689,0.00101
10.4,0.136,2.5,17.6,0.025,1,0,0.08601,0.00667,0,0.00073
11.3,0.119,4.2,14.3,0.029,1,0.00353,0.052,0.01757,0,0.0014
12.5,0.174,3.1,14.9,0.045,1,0.01,0.102,0.0298,0.036,0.0008
10.7,0.201,3.2,10.5,0.036,1.2,0.00271,0.12351,0.01594,0.04366,0.00069
11.5,0.17,3.6,15.4,0.045,1.3,0.0023,0.01811,0.02574,0.14491,0.00134
9.8,0.138,1.5,14.9,0.025,1,0.00309,0.0032,0.01108,0.00367,0.00191
10.4,0.149,3.2,10.6,0.041,1.2,0,0.01921,0.03908,0.03468,0.00134
11.6,0.134,2.5,17.4,0.04,1,0,0.0346,0.01763,0,0.00108
12.3,0.192,4.3,15.9,0.067,1.1,0.014,0.146,0.0262,0.01,0.0006
7.3,0.082,2.7,14.7,0.019,1.1,0,0.01259,0.01492,0,0.00143
8.1,0.134,3.5,11.4,0.031,1,0,0.30138,0.02845,0.11502,0.00104
9.5,0.113,2.7,12.9,0.033,1.1,0.00878,0.11394,0.01835,0.22941,0.00149
9.8,0.17,2.1,14.1,0.035,1.2,0.00225,0.0481,0.01842,0.03458,0.00114
11.3,0.087,4.6,11.7,0.025,1,0.00234,0.18107,0.02185,0,0.00123
11.2,0.189,3.9,13.6,0.042,1.1,0.00554,0.02115,0.01307,0.10099,0.00137
9.6,0.104,2.8,28,0.033,1,0,0.02475,0.00416,0,0.00053
9.3,0.114,2.6,12.9,0.033,1.1,0.00092,0.02253,0.00806,0.01384,0.00199
11.9,0.152,5.4,15.4,0.048,1.1,0,0.06046,0.01553,0,0.0008
10.3,0.167,5.7,13.1,0.034,1.1,0,0.03542,0.03557,0.55582,0.00092
10.2,0.186,3.6,11.9,0.034,1.3,0,0.01719,0.03689,0.10594,0.00141
11,0.195,6.4,14,0.059,1.2,0,0.02308,0.02429,0.04075,0.00128
13,0.192,3.9,14.2,0.036,0.9,0.01,0.05,0.0344,0.044,0.0008
11.1,0.155,2.5,21.4,0.046,1,0,0.01102,0.01481,0,0.00088
11.9,0.244,4.4,17.1,0.035,1.2,0.00149,0.4035,0.02038,0.15493,0.00129
11.9,0.164,2.6,10.2,0.035,1.3,0.00517,0.0501,0.0226,0.05868,0.0011
9.9,0.11,2.3,12.1,0.028,1,0,0.0533,0.02008,0.09381,0.00143
10.6,0.162,2.3,25.2,0.032,1,0,0.01058,0.01103,0,0.00068
10.9,0.216,2.8,13.1,0.041,1.2,0,0.05292,0.01548,0.04946,0.00118
10.5,0.173,2.4,22.8,0.049,1.1,0,0.02728,0.01035,0,0.00162
20.5,0.252,4,16.5,0.063,0.9,0.014,0.06,0.0392,0.016,0.0004
14.8,0.23,3.5,17,0.062,1,0.012,0.04,0.0268,0.01,0.0004
11.3,0.128,3.3,13.4,0.043,1.1,0.00314,0.21211,0.02675,0.05423,0.0014
10.1,0.204,3.7,14.9,0.038,1.2,0,0.05151,0.01635,0.25008,0.00059
10.8,0.152,3.4,33.1,0.038,1.1,0,0.26892,0.0121,0,0.00071
13.8,0.172,4.8,14.5,0.064,0.9,0.012,0.222,0.027,0.022,0.0004
11.8,0.168,2.8,34.4,0.041,1,0,0.05703,0.00763,0,0.00065
12.7,0.17,4.3,16.3,0.053,1.1,0,0.07052,0.01244,0,0.00085
14,0.15,5.1,15.8,0.043,0.9,0.008,0.266,0.0352,0.044,0.0012
11.6,0.158,5.1,18.7,0.04,1,0.00086,0.06013,0.02879,0.13214,0.00202
11.1,0.207,2.8,22.5,0.032,1.1,0,0.03794,0.00777,0,0.00178
10.6,0.26,2.2,11.8,0.044,1.2,0,0.006,0.01212,0.11148,0.00066
12.5,0.17,4.1,15.2,0.042,0.9,0.008,0.072,0.0296,0.016,0.001
11.2,0.256,6,15.7,0.049,1.2,0.01,0.29,0.0308,0.036,0.0008
9.1,0.166,4.2,12.5,0.028,1.1,0,0.02168,0.03826,0.16725,0.00114
15.9,0.226,3.3,17.3,0.037,0.9,0.01,0.1,0.034,0.022,0.0004
12.5,0.193,2.6,18.6,0.033,1.1,0,0.142,0.01982,0.08277,0.00172
11.1,0.195,3.8,13.4,0.051,1.3,0.00821,0.04997,0.021,0.11806,0.00133
10.6,0.128,3.5,12.1,0.04,1,0,0.13336,0.01993,0.08719,0.00105
10.1,0.161,3.9,13.5,0.038,1.2,0.01845,0.10484,0.03158,0.08568,0.00105
7.7,0.1,2.2,12.3,0.019,1.1,0,0.11139,0.01407,0.00835,0.00117
13.6,0.162,3,25.4,0.04,1,0,0.2936,0.0194,0,0.00127
10.2,0.146,2.4,29.1,0.029,1.2,0,0.12064,0.00366,0,0.00056
16.8,0.236,3.8,14.4,0.063,1,0.008,0.09,0.0284,0.03,0.0006
10.5,0.134,2.9,11.9,0.038,1.2,0.00314,0.09422,0.01312,0.11195,0.00151
7.6,0.08,3.3,14.2,0.026,1.1,0.00039,0.146,0.01221,0,0.00164
12.7,0.168,3.4,18,0.031,1,0.008,0.11,0.0346,0.024,0.0004
10.4,0.152,3,23.4,0.03,1.1,0,0.77533,0.01362,0.02714,0.00146
12,0.206,5,14.5,0.072,1.1,0.008,0.178,0.0284,0.036,0.0006
12.3,0.232,5.9,15.3,0.046,1.1,0.024,0.298,0.0204,0.044,0.0006
9.8,0.146,6.2,16.6,0.033,1.1,0.00128,0.00756,0.02731,0.0914,0.00115
9.1,0.128,4.1,12.3,0.033,1.1,0,0.098,0.0137,0.03337,0.00115
10.8,0.168,3.3,15.1,0.027,1.2,0,0.24653,0.02488,0.05119,0.00137
11.7,0.201,5,17.8,0.038,1.1,0,0.11699,0.0225,0.03988,0.00108
10.5,0.143,3.9,17.7,0.034,1,0,0.12635,0.01091,0,0.00066
6.7,0.071,2.7,12.2,0.018,1.1,0.03145,0.00376,0.0215,0.01939,0.00124
13,0.223,3.8,24.6,0.032,1.2,0,0.1944,0.00708,0,0.00153
37.4,1.86,5.7,19.7,0.096,1.1,0.018,0.422,0.0164,0.046,0.001
10.8,0.225,4.3,11.5,0.032,1.2,0,0.18123,0.01404,0.0503,0.00146
10.4,0.173,3.6,13.5,0.04,1.2,0.00148,0.28579,0.01751,0,0.00136
9.5,0.11,3.4,12.5,0.032,1.2,0,0.04619,0.01972,0.04858,0.00116
9.8,0.143,3.9,16.2,0.029,1.1,0,0.18723,0.00237,0,0.00051
13.7,0.181,3.7,17.3,0.03,1.1,0,0.342,0.01019,0.05752,0.00155
11.3,0.166,2.7,16.6,0.048,1.1,0.01,0.078,0.019,0.04,0.0008
9.8,0.143,7,18,0.041,1.1,0.00426,0.158,0.01094,0.05601,0.00115
7.2,0.08,3.1,13.8,0.017,1.1,0.00781,0.1164,0.01321,0.06031,0.00204
11,0.11,3.6,13.2,0.036,1,0,0.14812,0.01191,0,0.00076
9.2,0.122,4.1,16.9,0.025,1.1,0,0.02981,0.03089,0.06925,0.00104
9.4,0.152,4.9,14.9,0.039,1.2,0,0.04425,0.02583,0.13679,0.00143
11.3,0.13,3.6,15.3,0.033,1.1,0.00172,0.469,0.00062,0.06958,0.00114
10.6,0.14,5.1,13.3,0.042,1.2,0.01873,0.15083,0.02148,0.0908,0.00151
11.9,0.198,4.8,21.9,0.046,1.2,0,0.53472,0.02775,0.11008,0.00144
11.8,0.143,3.4,13.9,0.032,1,0,0.02406,0.00776,0,0.00076
12.1,0.14,3.1,14.8,0.038,1.1,0,0.1431,0.02814,0,0.00147
13,0.172,4.3,20.2,0.033,1,0.00068,0.08722,0.00452,0.03566,0.00102
14.6,0.156,4.3,17.7,0.037,1,0.01251,0.14386,0.01004,0.19987,0.00126
10.6,0.222,2.4,13.6,0.032,1.6,0.016,0.0928,0,0.0184,0.00062
10.6,0.222,2.4,13.6,0.032,1.6,0,0.01603,0.01838,0.09283,0.00062
10.9,0.162,4,16.3,0.03,1.1,0.00285,0.27502,0.00462,0.07752,0.0012
11.3,0.131,3.9,21,0.035,1,0,0.07921,0.0129,0,0.00111
9.1,0.143,3.9,14.3,0.034,1.1,0,0.178,0.0325,0.05461,0.00156
12.8,0.168,4,21.3,0.031,1.2,0,0.17362,0.00604,0.02457,0.00129
14.7,0.432,3.2,10.1,0.036,1.5,0.00155,0.0108,0.00214,0.00047,0.00043
11,0.088,3.6,13.7,0.028,1,0,0.088,0.00212,0,0.00068
14.6,0.265,2,14.6,0.029,1.1,0,0.66253,0,0.02329,0.00137
10.5,0.136,4.3,15.3,0.034,1.1,0,0.11014,0.00902,0.09523,0.00123
7.3,0.085,4.6,11.9,0.025,1.1,0,0.10895,0.01959,0.43519,0.00132
10.5,0.152,5.2,12.6,0.042,1.1,0.00173,0.00184,0.00366,0,0.00035
12.2,0.204,4.4,16.8,0.041,1.2,0,0.236,0.02917,0.05899,0.00132
11.4,0.168,3.7,14.4,0.031,1,0.00159,0.28934,0.00106,0.12723,0.00144
5.6,0.064,7,10.7,0.022,1.2,0.00139,0.20041,0.0148,0.13985,0.0011
10.8,0.195,3.9,11.7,0.035,1.4,0,0.03756,0.03846,0.17864,0.00204
12.8,0.199,3.7,17.4,0.027,1.1,0.01584,0.24448,0.00895,0.01313,0.00132
10.9,3.846,4.5,14.2,0.041,1,0,0.11214,0.01316,0.2233,0.00126
13.2,0.189,4.3,14.2,0.051,1.1,0,0.2083,0.00975,0.08687,0.00109
9.1,0.146,4.1,10.4,0.03,1.3,0.00297,0.02434,0.03017,0.01585,0.00113
12.8,0.24,3.7,12.8,0.031,1.3,0,0.01535,0.01503,0.15952,0.00125
19.6,0.327,4.3,15.6,0.033,1.1,0,0.18871,0.01015,0.10371,0.00123
20.5,0.236,8.1,19.3,0.062,1,0,0.08707,0.0153,0.11675,0.00105
15.7,0.256,6.6,20.1,0.047,1.1,0.00198,0.38899,0.00542,0.01466,0.00184
13.9,0.149,4.2,14.1,0.03,1.1,0,0.27774,0.00153,0.0256,0.00134
11.8,0.161,3.6,11.1,0.03,1.3,0,0.03529,0.01279,0.01272,0.00132
13.1,0.188,3.2,14.2,0.034,1,0,0.306,0.00862,0.14226,0.00194
14.1,0.226,5.4,18.7,0.027,1.2,0.0076,0.14666,0.01422,0.07195,0.00143
12.1,0.236,3.8,15.3,0.021,1.2,0,0.39726,0.00163,0.09409,0.00118
14.2,0.214,4.1,16.8,0.033,1.1,0,0.13737,0.01469,0.03642,0.00123
9,0.128,3.5,13.5,0.031,1.2,0.0121,0.33065,0.00807,0.09128,0.00192
15.8,0.22,3.3,18.4,0.027,1,0,0.09286,0.02832,0.03249,0.00182
14.9,0.259,4.4,14.7,0.042,1.1,0,0.11502,0.01457,0.02301,0.00175
11.4,0.288,3.2,13.7,0.024,1.3,0.0065,0.03514,0.00909,0.0931,0.00127
12.4,0.27,3.4,21.6,0.031,1.1,0.00169,0.21,0.02159,0.13682,0.00029
14.2,0.185,4,15.8,0.026,1.1,0.00337,0.09671,0.01085,0.1284,0.00125
9.9,0.128,2.7,15,0.028,1.2,0.00912,0.01655,0.01758,0,0.00117
9,0.134,2.8,12.9,0.023,1.2,0.00618,0.17889,0.02,0.14222,0.00073
12.3,0.249,4.6,12.9,0.029,1.2,0,0.04077,0.01708,0,0.00126
11.9,0.189,5,17.1,0.03,1,0,0.2761,0.01466,0,0.00116
11.8,0.165,5.3,17.3,0.033,1.1,0.00229,0.28,0.00182,0.076,0.00174
14.2,0.278,5.1,12.9,0.037,1.2,0.02194,0.09349,0.0069,0,0.00118
13.6,0.278,5.7,15.7,0.044,1.1,0,0.156,0.00343,0.03213,0.00101
17.1,0.236,3.3,13.4,0.03,1,0,0.63055,0.00316,0,0.00137
11.8,0.185,3.7,13.5,0.027,1.1,0.01529,0.76204,0.00747,0.10532,0.00109
11.4,0.204,4.1,16.9,0.043,1.1,0.01556,0.0331,0.01365,0.05675,0.00099
10.8,0.124,8.4,11.8,0.033,1.2,0.2442,0.0956,0.013,0.0168,0.00066
10.8,0.124,8.4,11.8,0.033,1.2,0.01293,0.24412,0.01671,0.09552,0.00066
9.3,0.16,5.7,15.1,0.039,1.2,0,0.33617,0.01715,0.10541,0.0005
9.1,0.143,5.5,12.9,0.027,1.2,0.00371,0.15134,0.00637,0.06346,0.00054
13.3,0.201,3.5,14.2,0.026,1,0.01063,0.29263,0.00847,0.08679,0.00127
11.9,0.187,4.8,12.6,0.039,1.1,0.00966,0.05957,0.0066,0.18116,0.00083
6.3,0.094,2.6,17.2,0.023,1.4,0.00127,0.0116,0.00267,0.04676,0.00057
10.1,0.222,3.2,19.7,0.029,1.3,0,0.007,0.01326,0.08444,0.00161
12.1,0.236,4.3,18.1,0.034,1,0,0.30562,0.00422,0.0291,0.00138
10,0.165,4.7,12.5,0.028,1.3,0,0.03392,0,0.05163,0.00147
12.1,0.204,4.4,15.3,0.032,1.1,0.00598,0.08963,0.00725,0.10198,0.00141
10.6,0.298,10.1,14.1,0.049,1.5,0.00414,0.00765,0.02702,0.07912,0.0005
14,0.275,4.5,19.8,0.036,1.1,0.00626,0.388,0.01545,0.07753,0.00107
9.7,0.218,5.4,16.5,0.03,1.5,0,0.00687,0.02425,0.08414,0.00086
10.7,0.201,5.4,16.5,0.03,1.2,0,0.12419,0.00691,0.11956,0.00148
8.6,0.17,3.5,13.3,0.026,1.3,0.00216,0.08757,0.01146,0.17673,0.00064
11.2,0.191,5.7,19.7,0.032,1.1,0.00054,0.09103,0.0017,0.08695,0.00114
12,0.201,11.3,17.1,0.033,1.3,0,0.2115,0,0.04701,0.00156
10.7,0.208,3.5,14.9,0.029,1.4,0.00113,0.0614,0.00795,0.14743,0.00051
20.4,0.252,29.8,22.1,0.037,1.1,0,0.31494,0.01721,0.06138,0.00161
12.8,0.217,6.8,23.7,0.03,1,0,0.22643,0.00396,0.08861,0.00118
15.1,0.256,13.7,29.3,0.036,1,0,0.21996,0.01526,0.05696,0.0013
14.1,0.259,5.4,21.5,0.039,1.1,0.00663,0.56948,0.01908,0.04792,0.00164
